admin_code,admin_name,district_name,area_km2,station_count,station_density,bus_stop_count,bus_stop_density,hospital_count,hospital_density,school_count,school_density,mart_count,mart_density,convenience_count,convenience_density,laundry_count,laundry_density,academy_count,academy_density,park_count,park_density,park_area_sum,park_area_ratio
11110515,청운효자동,종로구,2.568432015175918,0.0,0.0,29,11.290935414544629,8.0,3.1147408040123117,6.0,2.3360556030092336,12,4.672111206018467,9,3.5040834045138505,4,1.5573704020061558,67,26.085954233603108,0.0,0.0,0.0,0.0
11110530,사직동,종로구,1.1585357422248006,2.0,1.7263170458248347,33,28.484231256109773,76.0,65.60004774134372,1.0,0.8631585229124173,28,24.168438641547684,23,19.8526460269856,5,4.315792614562087,124,107.03165684113975,3.0,2.589475568737252,269694.8,0.2327893652051598
11110540,삼청동,종로구,1.47925477291931,0.0,0.0,17,11.49227321163243,9.0,6.084144641452463,2.0,1.352032142544992,8,5.408128570179968,6,4.056096427634976,1,0.676016071272496,31,20.956498209447375,1.0,0.676016071272496,468348.2,0.3166109101515452
11110550,부암동,종로구,2.274738838113258,0.0,0.0,34,14.94677078103643,4.0,1.7584436212984034,4.0,1.7584436212984034,11,4.83571995857061,12,5.27533086389521,5,2.1980545266230043,56,24.61821069817765,0.0,0.0,0.0,0.0
11110560,평창동,종로구,8.947328208069015,0.0,0.0,54,6.035321242748299,15.0,1.6764781229856387,1.0,0.11176520819904258,13,1.4529477065875536,9,1.005886873791383,7,0.7823564573932981,58,6.48238207554447,2.0,0.22353041639808516,20299.4,0.0022687666673156448
11110570,무악동,종로구,0.36952040244727175,1.0,2.7062105187620697,4,10.824842075048279,5.0,13.531052593810347,1.0,2.7062105187620697,2,5.4124210375241395,6,16.237263112572418,2,5.4124210375241395,18,48.71178933771725,0.0,0.0,0.0,0.0
11110580,교남동,종로구,0.34692557006611624,0.0,0.0,22,63.4141784239406,22.0,63.4141784239406,2.0,5.764925311267327,2,5.764925311267327,10,28.824626556336636,1,2.8824626556336637,30,86.4738796690099,0.0,0.0,0.0,0.0
11110600,가회동,종로구,0.5399551791398414,0.0,0.0,21,38.89211699655033,6.0,11.112033427585807,4.0,7.408022285057204,14,25.928077997700218,7,12.964038998850109,2,3.704011142528602,40,74.08022285057204,1.0,1.852005571264301,10004.6,0.018528574938270828
11110615,종로1·2·3·4가동,종로구,2.417171247227561,5.0,2.06853362405948,68,28.13205728720893,139.0,57.505234748853546,2.0,0.827413449623792,95,39.302138857130124,92,38.06101868269443,15,6.20560087217844,369,152.65778145558963,3.0,1.2411201744356881,507534.7,0.20997051846538822
11110630,종로5·6가동,종로구,0.6031668548485877,2.0,3.3158320685609586,18,29.842488617048627,74.0,122.68578653675547,1.0,1.6579160342804793,30,49.73748102841438,18,29.842488617048627,6,9.947496205682876,42,69.63247343978013,0.0,0.0,0.0,0.0
11110640,이화동,종로구,0.7823949005924271,1.0,1.2781269397880826,20,25.562538795761654,13.0,16.615650217245076,2.0,2.556253879576165,11,14.05939633766891,19,24.28441185597357,1,1.2781269397880826,72,92.02513966474196,1.0,1.2781269397880826,5802.0,0.007415692504650456
11110650,혜화동,종로구,1.1324209686765339,0.0,0.0,38,33.55642561477009,27.0,23.842723463126116,7.0,6.181446823773438,22,19.427404303287947,28,24.725787295093753,17,15.012085143449777,97,85.6571917008605,3.0,2.649191495902902,208787.5,0.18437268981694238
11110670,창신1동,종로구,0.3053373119214054,2.0,6.550132990346117,8,26.200531961384467,34.0,111.35226083588398,1.0,3.2750664951730584,22,72.05146289380728,10,32.750664951730585,2,6.550132990346117,20,65.50132990346117,0.0,0.0,0.0,0.0
11110680,창신2동,종로구,0.25732307658279624,0.0,0.0,1,3.8861652568429483,9.0,34.975487311586534,0.0,0.0,10,38.861652568429484,4,15.544661027371793,5,19.430826284214742,10,38.861652568429484,1.0,3.8861652568429483,660.0,0.002564869069516346
11110690,창신3동,종로구,0.21683546209032123,1.0,4.611791772249215,6,27.670750633495288,1.0,4.611791772249215,2.0,9.22358354449843,6,27.670750633495288,3,13.835375316747644,4,18.44716708899686,7,32.28254240574451,1.0,4.611791772249215,2508.0,0.011566373764801031
11110700,숭인1동,종로구,0.23939607832685847,1.0,4.177177867695285,12,50.12613441234342,14.0,58.48049014773398,0.0,0.0,5,20.885889338476424,5,20.885889338476424,3,12.531533603085855,11,45.948956544648134,1.0,4.177177867695285,45615.0,0.1905419684349204
11110710,숭인2동,종로구,0.35190626241095696,0.0,0.0,8,22.73332661144172,19.0,53.99165070217408,0.0,0.0,15,42.62498739645322,20,56.83331652860429,10,28.416658264302146,31,88.09164061933666,1.0,2.841665826430215,8450.0,0.024012076233335313
11140520,소공동,중구,0.94379497934365,3.0,3.1786564515169506,40,42.382086020226005,72.0,76.2877548364068,4.0,4.238208602022601,29,30.727012364663853,48,50.85850322427121,2,2.1191043010113004,51,54.03715967578816,0.0,0.0,0.0,0.0
11140540,회현동,중구,0.8978269250095214,3.0,3.3414012394072334,33,36.75541363347956,63.0,70.16942602755189,0.0,0.0,89,99.12823676908125,34,37.86921404661531,3,3.3414012394072334,31,34.52781280720808,0.0,0.0,0.0,0.0
11140550,명동,중구,0.969729421613493,1.0,1.0312154893023056,30,30.936464679069168,190.0,195.93094296743809,1.0,1.0312154893023056,63,64.96657582604526,71,73.2162997404637,4,4.124861957209222,103,106.21519539813748,0.0,0.0,0.0,0.0
11140570,필동,중구,1.4646861765373338,2.0,1.3654802182459331,10,6.827401091229666,24.0,16.385762618951198,3.0,2.0482203273688997,12,8.192881309475599,28,19.116723055443064,5,3.413700545614833,59,40.28166643825503,0.0,0.0,0.0,0.0
11140580,장충동,중구,1.017924655243682,1.0,0.9823909803624994,13,12.771082744712492,4.0,3.9295639214499976,1.0,0.9823909803624994,4,3.9295639214499976,11,10.806300783987494,1,0.9823909803624994,21,20.63021058761249,0.0,0.0,0.0,0.0
11140590,광희동,중구,0.7372036618429814,3.0,4.0694317666574165,24,32.55545413325933,35.0,47.47670394433652,1.0,1.356477255552472,61,82.74511258870079,43,58.3285219887563,4,5.425909022209888,52,70.53681728872854,0.0,0.0,0.0,0.0
11140605,을지로동,중구,0.6115240903243367,4.0,6.541034218093522,17,27.799395426897465,35.0,57.23404940831831,0.0,0.0,40,65.41034218093522,33,53.96353229927155,4,6.541034218093522,44,71.95137639902873,0.0,0.0,0.0,0.0
11140615,신당동,중구,0.534941537685648,1.0,1.869363153824929,8,14.954905230599431,18.0,33.64853676884872,5.0,9.346815769124644,39,72.90516299917222,24,44.864715691798295,8,14.954905230599431,17,31.77917361502379,0.0,0.0,0.0,0.0
11140625,다산동,중구,0.5239706708470947,1.0,1.9085037687001003,8,15.268030149600802,37.0,70.6146394419037,4.0,7.634015074800401,17,32.4445640679017,12,22.902045224401203,4,7.634015074800401,47,89.69967712890471,0.0,0.0,0.0,0.0
11140635,약수동,중구,0.4863690651728499,2.0,4.112103633254765,12,24.672621799528596,43.0,88.41022811497747,0.0,0.0,9,18.504466349646446,8,16.44841453301906,6,12.336310899764298,45,92.52233174823223,0.0,0.0,0.0,0.0
11140645,청구동,중구,0.3425706857088404,2.0,5.838211158849275,5,14.595527897123187,11.0,32.11016137367101,4.0,11.67642231769855,3,8.757316738273913,6,17.514633476547825,4,11.67642231769855,42,122.60243433583477,0.0,0.0,0.0,0.0
11140650,신당5동,중구,0.3197061452928083,0.0,0.0,8,25.02297850006313,27.0,84.45255243771305,2.0,6.255744625015782,10,31.27872312507891,7,21.895106187555236,7,21.895106187555236,20,62.55744625015782,0.0,0.0,0.0,0.0
11140665,동화동,중구,0.32704543464087543,0.0,0.0,4,12.230716519227217,12.0,36.692149557681645,2.0,6.1153582596136085,6,18.346074778840823,10,30.57679129806804,4,12.230716519227217,25,76.4419782451701,0.0,0.0,0.0,0.0
11140670,황학동,중구,0.3286395905475642,1.0,3.0428470237984593,7,21.299929166589216,30.0,91.28541071395378,0.0,0.0,24,73.02832857116303,9,27.385623214186133,8,24.342776190387674,24,73.02832857116303,0.0,0.0,0.0,0.0
11140680,중림동,중구,0.4843841703669915,0.0,0.0,9,18.58029339229065,19.0,39.22506382816915,4.0,8.2579081743514,11,22.70924747946635,12,24.7737245230542,3,6.19343113076355,25,51.61192608969625,0.0,0.0,0.0,0.0
11290575,동선동,성북구,0.7249571852085789,2.0,2.7587836093031837,17,23.449660679077063,66.0,91.03985910700507,5.0,6.89695902325796,27,37.24357872559298,29,40.00236233489617,14,19.311485265122286,147,202.77059528378402,0.0,0.0,0.0,0.0
11290580,돈암1동,성북구,0.48889829769242904,0.0,0.0,14,28.63581253213433,11.0,22.499566989534117,5.0,10.22707590433369,4,8.181660723466951,6,12.272491085200427,3,6.136245542600213,55,112.49783494767058,2.0,4.090830361733476,210213.0,0.4299728614155396
11290590,돈암2동,성북구,0.5183347807209006,0.0,0.0,34,65.59467213971782,11.0,21.221805692261647,1.0,1.929255062932877,6,11.575530377597262,5,9.646275314664384,2,3.858510125865754,51,98.39200820957673,0.0,0.0,0.0,0.0
11290600,안암동,성북구,1.3795708359327372,2.0,1.4497262104325266,31,22.47075626170416,15.0,10.87294657824395,3.0,2.17458931564879,18,13.04753589389274,38,27.544797998218005,13,9.423220367811423,83,60.16363773294985,0.0,0.0,0.0,0.0
11290610,보문동,성북구,0.5530062074497223,2.0,3.6165959315779186,9,16.274681692100632,20.0,36.16595931577918,2.0,3.6165959315779186,14,25.31617152104543,16,28.93276745262335,10,18.08297965788959,41,74.14021659734733,1.0,1.8082979657889593,6730.0,0.012169845309759694
11290620,정릉1동,성북구,0.41236537886676106,0.0,0.0,16,38.8005415099839,15.0,36.37550766560991,1.0,2.425033844373994,14,33.95047382123591,12,29.100406132487926,8,19.40027075499195,72,174.60243679492754,0.0,0.0,0.0,0.0
11290630,정릉2동,성북구,1.0948894976867454,1.0,0.9133341785748923,46,42.01337221444504,29.0,26.486691178671876,2.0,1.8266683571497846,14,12.786678500048492,12,10.960010142898707,11,10.046675964323814,69,63.02005832166757,0.0,0.0,0.0,0.0
11290640,정릉3동,성북구,3.3271257789887154,0.0,0.0,32,9.61791111177241,5.0,1.502798611214439,4.0,1.2022388889715512,13,3.9072763891575413,18,5.410075000371981,12,3.6067166669146538,26,7.8145527783150825,1.0,0.3005597222428878,263.0,7.904720694987949e-05
11290650,정릉4동,성북구,3.570913738506884,1.0,0.2800403687203412,34,9.521372536491603,23.0,6.440928480567848,1.0,0.2800403687203412,16,4.480645899525459,16,4.480645899525459,10,2.800403687203412,66,18.48266433554252,0.0,0.0,0.0,0.0
11290660,길음1동,성북구,0.7973099557167435,1.0,1.2542173753506538,27,33.863869134467656,52.0,65.219303518234,5.0,6.2710868767532695,17,21.321695380961113,7,8.779521627454576,8,10.03373900280523,123,154.26873716813043,2.0,2.5084347507013076,1531.0,0.0019202068016618509
11290685,길음2동,성북구,0.5880017544320851,0.0,0.0,22,37.414854350644674,31.0,52.720931130453856,0.0,0.0,10,17.00675197756576,8,13.605401582052608,4,6.802700791026304,95,161.56414378687472,1.0,1.700675197756576,146038.0,0.24836320452997487
11290705,종암동,성북구,1.4045274834423893,0.0,0.0,59,42.00700996992634,53.0,37.73511065095078,5.0,3.5599160991463,23,16.37561405607298,24,17.08759727590224,21,14.95164761641446,149,106.08549975455973,0.0,0.0,0.0,0.0
11290715,월곡1동,성북구,0.8017569576318331,0.0,0.0,21,26.19247616138955,27.0,33.67604077892942,4.0,4.989043078359915,24,29.934258470159488,12,14.967129235079744,11,13.719868465489764,82,102.27538310637824,2.0,2.4945215391799573,234589.7,0.29259452975988226
11290725,월곡2동,성북구,1.3649007699631681,2.0,1.4653079872275037,27,19.7816578275713,33.0,24.17758178925381,1.0,0.7326539936137518,15,10.989809904206279,25,18.316349840343797,11,8.05919392975127,70,51.28577955296263,0.0,0.0,0.0,0.0
11290760,장위1동,성북구,0.7085460114746902,0.0,0.0,33,46.5742513055961,12.0,16.936091383853128,2.0,2.8226818973088545,19,26.815478024434118,16,22.581455178470836,16,22.581455178470836,50,70.56704743272137,0.0,0.0,0.0,0.0
11290770,장위2동,성북구,0.6798937571738605,1.0,1.4708180350952729,30,44.124541052858184,21.0,30.887178737000728,2.0,2.9416360701905457,22,32.357996772096,8,11.766544280762183,9,13.237362315857455,29,42.653723017762914,0.0,0.0,0.0,0.0
11290780,장위3동,성북구,0.6526011573831904,0.0,0.0,34,52.09920272947982,13.0,19.920283396565814,3.0,4.596988476130572,10,15.323294920435242,8,12.258635936348194,5,7.661647460217621,37,56.69619120561039,0.0,0.0,0.0,0.0
11290810,석관동,성북구,1.7050607687541335,1.0,0.586489360570232,30,17.594680817106962,43.0,25.219042504519976,4.0,2.345957442280928,25,14.6622340142558,28,16.421702095966495,19,11.143297850834408,77,45.159680763907865,1.0,0.586489360570232,329290.0,0.1931250815421717
11305534,삼양동,강북구,0.9240917960840105,3.0,3.246430725511241,29,31.382163679941996,43.0,46.53217373232779,4.0,4.328574300681654,25,27.05358937926034,11,11.903579326874551,8,8.657148601363309,58,62.76432735988399,0.0,0.0,0.0,0.0
11305535,미아동,강북구,0.8412044483257735,1.0,1.1887716499719814,27,32.096834549243496,59.0,70.1375273483469,2.0,2.3775432999439627,29,34.474377849187455,26,30.908062899271513,12,14.265259799663776,60,71.32629899831888,0.0,0.0,0.0,0.0
11305545,송중동,강북구,1.0757956471727483,1.0,0.9295445679000993,58,53.91358493820576,61.0,56.70221864190606,4.0,3.7181782716003973,31,28.815881604903076,25,23.238614197502482,16,14.872713086401589,116,107.82716987641152,0.0,0.0,0.0,0.0
11305555,송천동,강북구,0.9299129535747184,0.0,0.0,18,19.356650459384856,49.0,52.693104028325436,6.0,6.452216819794952,21,22.58275886928233,21,22.58275886928233,15,16.130542049487378,60,64.52216819794951,0.0,0.0,0.0,0.0
11305575,삼각산동,강북구,0.6219109244105985,0.0,0.0,22,35.374840891965334,29.0,46.63047208486339,3.0,4.823841939813454,16,25.727157012338424,9,14.471525819440364,8,12.863578506169212,78,125.41989043514981,0.0,0.0,0.0,0.0
11305595,번1동,강북구,0.6270358181653735,1.0,1.5948052264795207,23,36.68052020902898,56.0,89.30909268285316,2.0,3.1896104529590414,23,36.68052020902898,29,46.2493515679061,11,17.542857491274727,52,82.92987177693507,0.0,0.0,0.0,0.0
11305603,번2동,강북구,0.9742975757657605,0.0,0.0,42,43.10797957902093,12.0,12.31656559400598,1.0,1.026380466167165,5,5.131902330835825,7,7.184663263170155,5,5.131902330835825,9,9.237424195504484,0.0,0.0,0.0,0.0
11305608,번3동,강북구,1.0811765976372387,0.0,0.0,35,32.37213983033636,17.0,15.723610774734802,2.0,1.849836561733506,8,7.399346246934024,9,8.324264527800777,5,4.624591404333765,35,32.37213983033636,0.0,0.0,0.0,0.0
11215840,자양3동,광진구,1.1964191217709081,0.0,0.0,20,16.716549941459082,32.0,26.74647990633453,4.0,3.3433099882918165,12,10.029929964875448,24,20.059859929750896,13,10.865757461948403,115,96.12016216338972,1.0,0.8358274970729541,985.9,0.0008240423293642254
11215847,자양4동,광진구,1.18002282066059,1.0,0.8474412379924896,12,10.169294855909875,54.0,45.76182685159444,1.0,0.8474412379924896,27,22.88091342579722,33,27.96556085375216,10,8.474412379924896,81,68.64274027739165,1.0,0.8474412379924896,993.1,0.0008415938934503416
11215850,구의1동,광진구,0.5653131340590513,1.0,1.7689311281692994,13,22.996104666200893,34.0,60.14365835775618,2.0,3.537862256338599,16,28.30289805070879,21,37.14755369155529,15,26.53396692253949,96,169.81738830425275,0.0,0.0,0.0,0.0
11215860,구의2동,광진구,1.3880407470235878,0.0,0.0,20,14.408798908019468,35.0,25.21539808903407,2.0,1.440879890801947,14,10.086159235613628,18,12.967919017217522,11,7.924839399410708,79,56.914755686676905,1.0,0.7204399454009734,788.1,0.0005677787209705072
11215870,구의3동,광진구,1.0275613167648772,1.0,0.9731779346738647,23,22.383092497498886,62.0,60.33703194977961,1.0,0.9731779346738647,25,24.329448366846616,30,29.19533804021594,14,13.624491085434105,222,216.04550149759797,5.0,4.865889673369323,14415.2,0.014028554563910695
11230536,용신동,동대문구,1.618399268124438,5.0,3.0894724796770934,39,24.097885341481327,70.0,43.252614715479304,3.0,1.853683487806256,60,37.07366975612512,48,29.658935804900096,26,16.065256894320886,119,73.52944501631482,0.0,0.0,0.0,0.0
11230545,제기동,동대문구,1.1817046582584771,0.0,0.0,27,22.848348621889095,78.0,66.00634046323516,5.0,4.231175670720202,56,47.38916751206627,29,24.540818890177174,12,10.154821609728486,87,73.62245667053153,0.0,0.0,0.0,0.0
11230560,전농1동,동대문구,1.1266952809677206,2.0,1.7751028461592528,31,27.51409411546842,53.0,47.0402254232202,2.0,1.7751028461592528,28,24.85143984622954,26,23.076337000070286,18,15.975925615433276,99,87.86759088488301,0.0,0.0,0.0,0.0
11230570,전농2동,동대문구,0.9775676007365407,0.0,0.0,12,12.275365909179778,27.0,27.6195732956545,9.0,9.206524431884834,12,12.275365909179778,13,13.298313068278093,12,12.275365909179778,80,81.83577272786519,0.0,0.0,0.0,0.0
11230600,답십리1동,동대문구,0.7882418529515669,0.0,0.0,27,34.25344632348392,49.0,62.16366184632267,3.0,3.805938480387102,14,17.761046241806476,17,21.566984722193578,14,17.761046241806476,128,162.38670849651635,0.0,0.0,0.0,0.0
11230610,답십리2동,동대문구,0.8757449522372764,0.0,0.0,20,22.83769943395706,49.0,55.9523636131948,1.0,1.141884971697853,26,29.689009264144175,21,23.97958440565491,8,9.135079773582824,58,66.22932835847547,0.0,0.0,0.0,0.0
11230650,장안1동,동대문구,1.342167468661355,0.0,0.0,27,20.11671466521919,68.0,50.6643184161076,3.0,2.235190518357688,31,23.09696868969611,43,32.03773076312686,31,23.09696868969611,105,78.23166814251908,0.0,0.0,0.0,0.0
11230660,장안2동,동대문구,0.9966402346177041,0.0,0.0,34,34.114617109595095,78.0,78.26294513377698,4.0,4.013484365834717,43,43.14495693272321,40,40.13484365834717,16,16.05393746333887,186,186.62702301131435,0.0,0.0,0.0,0.0
11230705,청량리동,동대문구,1.204398066905949,1.0,0.8302902731892956,24,19.926966556543096,49.0,40.684223386275484,3.0,2.490870819567887,33,27.399579015246754,15,12.454354097839435,9,7.472612458703661,50,41.51451365946478,0.0,0.0,0.0,0.0
11305615,수유1동,강북구,1.6499625850392012,0.0,0.0,39,23.636899620407696,24.0,14.545784381789353,5.0,3.0303717462061153,26,15.7579330802718,23,13.93971003254813,10,6.0607434924122305,43,26.06119701737259,0.0,0.0,0.0,0.0
11305625,수유2동,강북구,0.5816165480676597,1.0,1.7193458530751253,13,22.351496089976628,27.0,46.42233803302838,0.0,0.0,25,42.98364632687813,18,30.948225355352253,7,12.035420971525877,66,113.47682630295827,0.0,0.0,0.0,0.0
11305635,수유3동,강북구,0.7456449650867648,0.0,0.0,24,32.186900098235505,64.0,85.83173359529468,1.0,1.3411208374264794,32,42.91586679764734,35,46.93922930992678,17,22.79905423625015,63,84.4906127578682,0.0,0.0,0.0,0.0
11305645,우이동,강북구,10.587752452786363,3.0,0.2833462543989206,34,3.211257549854433,12.0,1.1333850175956823,1.0,0.09444875146630685,25,2.3612187866576715,23,2.172321283725058,3,0.2833462543989206,30,2.8334625439892056,0.0,0.0,0.0,0.0
11305660,인수동,강북구,2.9980112849936655,1.0,0.33355444824555186,49,16.34416796403204,22.0,7.338197861402141,3.0,1.0006633447366555,24,8.005306757893244,28,9.339524550875451,9,3.0019900342099666,79,26.350801411398596,0.0,0.0,0.0,0.0
11320511,창1동,도봉구,1.1221712116299476,0.0,0.0,21,18.713721919044435,36.0,32.08066614693332,4.0,3.564518460770368,14,12.475814612696288,16,14.258073843081473,8,7.129036921540736,51,45.4476103748222,7.0,6.237907306348144,420268.0,0.3745132611177603
11170510,후암동,용산구,0.8658918469766338,0.0,0.0,16,18.47805826543573,18.0,20.7878155486152,2.0,2.3097572831794664,19,21.942694190204932,18,20.7878155486152,11,12.703665057487065,69,79.68662626969159,1.0,1.1548786415897332,2340.0,0.0027024160213199758
11170520,용산2가동,용산구,1.9668526070899153,1.0,0.508426506589919,27,13.72751567792781,7.0,3.558985546129432,5.0,2.5421325329495947,12,6.101118079079027,17,8.643250612028622,4,2.033706026359676,40,20.337060263596758,0.0,0.0,0.0,0.0
11170530,남영동,용산구,1.177788483819072,4.0,3.3961955435577744,21,17.830026603678316,39.0,33.1129065496883,0.0,0.0,13,11.037635516562766,27,22.924319919014977,4,3.3961955435577744,88,74.71630195827103,1.0,0.8490488858894436,712.0,0.0006045228067532839
11170555,청파동,용산구,0.8862252656328571,0.0,0.0,24,27.081150730747336,22.0,24.824388169851726,8.0,9.027050243582446,16,18.05410048716489,26,29.33791329164295,22,24.824388169851726,71,80.1150709117942,1.0,1.1283812804478057,3447.0,0.0038895302737035863
11170560,원효로1동,용산구,0.5890170079511724,0.0,0.0,23,39.0481084408799,20.0,33.95487690511296,1.0,1.697743845255648,12,20.372926143067776,17,28.861645369346014,8,13.581950762045183,55,93.37591148906064,1.0,1.697743845255648,15000.0,0.025466157678834717
11170570,원효로2동,용산구,0.7089752322420965,0.0,0.0,22,31.03070318891983,7.0,9.873405560110855,3.0,4.231459525761795,14,19.74681112022171,11,15.515351594459915,7,9.873405560110855,46,64.88237939501418,1.0,1.410486508587265,2300.0,0.0032441189697507097
11170580,효창동,용산구,0.44619676003412123,1.0,2.2411637411341325,15,33.61745611701199,11.0,24.65280115247546,1.0,2.2411637411341325,5,11.205818705670664,8,17.92930992907306,3,6.723491223402398,43,96.3700408687677,1.0,2.2411637411341325,171277.0,0.38385980209023085
11170590,용문동,용산구,0.2775314320913555,1.0,3.6031954739844685,17,61.25432305773597,11.0,39.63515021382915,0.0,0.0,13,46.84154116179809,6,21.61917284390681,6,21.61917284390681,31,111.69905969351852,0.0,0.0,0.0,0.0
11170625,한강로동,용산구,2.869816086372262,7.0,2.439180696366055,41,14.286629793001179,88.0,30.663985897173262,3.0,1.0453631555854521,32,11.150540326244823,45,15.680447333781782,13,4.529907007536959,129,44.95061569017444,0.0,0.0,0.0,0.0
11170630,이촌1동,용산구,2.872766514185377,0.0,0.0,21,7.31002672730433,39.0,13.575763922136614,3.0,1.0442895324720471,8,2.7847720865921257,7,2.4366755757681102,5,1.7404825541200788,40,13.92386043296063,0.0,0.0,0.0,0.0
11170640,이촌2동,용산구,1.2055434048973068,0.0,0.0,8,6.636011584071893,3.0,2.4885043440269596,0.0,0.0,5,4.147507240044932,4,3.3180057920359465,4,3.3180057920359465,13,10.783518824116825,1.0,0.8295014480089866,480.0,0.00039816069504431355
11170650,이태원1동,용산구,0.5828985291582441,1.0,1.7155644592963486,16,27.449031348741578,17.0,29.164595808037927,0.0,0.0,22,37.74241810451967,21,36.02685364522332,3,5.146693377889046,34,58.32919161607585,1.0,1.7155644592963486,2020.0,0.0034654402077786244
11170660,이태원2동,용산구,0.8742434355398215,0.0,0.0,21,24.020769440531254,11.0,12.582307802183038,2.0,2.2876923276696433,15,17.157692457522323,13,14.87000012985268,6,6.86307698300893,47,53.760769700236615,1.0,1.1438461638348216,2858.0,0.0032691123362399203
11170685,한남동,용산구,3.0318971299887703,2.0,0.6596529876353053,33,10.884274295982538,37.0,12.203580271253148,1.0,0.32982649381765267,18,5.936876888717748,24,7.915835851623664,4,1.3193059752706107,118,38.91952627048301,0.0,0.0,0.0,0.0
11170690,서빙고동,용산구,2.8219479090508983,1.0,0.35436515209677577,22,7.796033346129067,0.0,0.0,2.0,0.7087303041935515,5,1.771825760483879,11,3.8980166730645336,3,1.0630954562903274,33,11.6940500191936,0.0,0.0,0.0,0.0
11170700,보광동,용산구,0.7150961470118985,0.0,0.0,9,12.585720168689775,8.0,11.187306816613134,2.0,2.7968267041532835,19,26.569853689456195,8,11.187306816613134,3,4.195240056229926,26,36.35874715399269,0.0,0.0,0.0,0.0
11200520,왕십리2동,성동구,0.372425439011494,0.0,0.0,13,34.90631583735285,19.0,51.01692314690032,1.0,2.6851012182579113,12,32.22121461909494,12,32.22121461909494,7,18.79570852780538,37,99.34874507554272,4.0,10.740404873031645,35219.2,0.09456711682606903
11200535,왕십리도선동,성동구,0.7102853662803323,1.0,1.4078848410419373,25,35.197121026048436,81.0,114.03867212439692,2.0,2.8157696820838747,21,29.565581661880685,19,26.74981197979681,17,23.934042297712935,103,145.01213862731956,7.0,9.855193887293561,14816.9,0.02086048890123428
11200540,마장동,성동구,1.0352756943451016,1.0,0.9659262797940829,28,27.04593583423432,18.0,17.38667303629349,4.0,3.8637051191763314,25,24.148156994852073,15,14.488894196911243,10,9.659262797940828,35,33.8074197927929,4.0,3.8637051191763314,3175.5,0.00306729890148611
11200550,사근동,성동구,1.1692159340044161,2.0,1.7105480192612958,40,34.21096038522592,7.0,5.9869180674145355,5.0,4.27637004815324,17,14.539658163721015,36,30.789864346703325,9,7.697466086675831,39,33.35568637559527,1.0,0.8552740096306479,4760.0,0.004071104285841884
11200560,행당1동,성동구,0.5735656163982691,4.0,6.9739187385711485,26,45.330471800712466,51.0,88.91746391678214,1.0,1.7434796846427871,15,26.15219526964181,16,27.895674954284594,10,17.434796846427872,91,158.65665130249363,0.0,0.0,0.0,0.0
11200570,행당2동,성동구,0.45766885988055206,1.0,2.1849858875279216,25,54.62464718819804,27.0,58.994618963253885,3.0,6.554957662583765,9,19.664872987751295,6,13.10991532516753,8,17.479887100223372,99,216.31360286526424,4.0,8.739943550111686,6324.3,0.013818506248492835
11200580,응봉동,성동구,0.5536615099492185,1.0,1.8061577011046324,33,59.60320413645287,7.0,12.643103907732426,2.0,3.6123154022092647,5,9.030788505523162,5,9.030788505523162,5,9.030788505523162,27,48.76625792982507,3.0,5.4184731033138975,2419.7,0.004370359789362879
11200590,금호1가동,성동구,0.44487238246086086,1.0,2.2478356477612507,39,87.66559026268878,18.0,40.46104165970251,2.0,4.495671295522501,11,24.726192125373757,6,13.487013886567503,5,11.239178238806254,65,146.10931710448128,1.0,2.2478356477612507,417284.88,0.9379878285357757
11200615,금호2·3가동,성동구,0.6311959067293654,1.0,1.5842941776692554,38,60.2031787514317,32.0,50.69741368541617,1.0,1.5842941776692554,16,25.348706842708086,12,19.011530132031066,10,15.842941776692554,55,87.13617977180904,4.0,6.337176710677022,18122.8,0.02871184652306438
11200620,금호4가동,성동구,0.832333356270204,0.0,0.0,30,36.04325090902757,33.0,39.64757599993033,2.0,2.4028833939351713,6,7.208650181805514,7,8.4100918787731,5,6.007208484837928,44,52.863434666573774,1.0,1.2014416969675856,1681.8,0.002020584645960086
11200645,옥수동,성동구,1.922027397703211,2.0,1.0405678932516595,41,21.331641811659022,39.0,20.291073918407363,4.0,2.081135786503319,4,2.081135786503319,14,7.283975252761618,8,4.162271573006638,101,52.548678609208814,3.0,1.5608518398774895,66129.89,0.034406320159131996
11200650,성수1가1동,성동구,1.885874727439022,1.0,0.5302579145105671,31,16.43799534982758,17.0,9.014384546679642,4.0,2.1210316580422686,11,5.832837059616239,13,6.893352888637373,8,4.242063316084537,104,55.14682310909898,2.0,1.0605158290211343,3013.8,0.0015980913027519473
11200660,성수1가2동,성동구,0.930085508256354,1.0,1.0751699613885133,12,12.90203953666216,42.0,45.15713837831756,2.0,2.1503399227770266,19,20.428229266381752,31,33.330268803043914,9,9.67652965249662,129,138.69692501911823,2.0,2.1503399227770266,3618.5,0.0038905025052843357
11200670,성수2가1동,성동구,1.1849643641460157,0.0,0.0,30,25.317217046962003,23.0,19.40986640267087,3.0,2.5317217046962,19,16.034237463075936,23,19.40986640267087,12,10.1268868187848,59,49.79052685902528,2.0,1.6878144697974669,2341.0,0.001975586836897935
11200690,성수2가3동,성동구,1.0545012809647103,1.0,0.94831558581432,20,18.9663117162864,51.0,48.36409487653032,1.0,0.94831558581432,21,19.91462730210072,43,40.77757019001576,5,4.7415779290716,142,134.66081318563343,6.0,5.689893514885919,10455.9,0.009915492933715948
11200720,송정동,성동구,0.681915569863234,0.0,0.0,13,19.063943653035082,5.0,7.332286020398108,1.0,1.4664572040796215,9,13.198114836716595,7,10.265200428557351,6,8.79874322447773,27,39.59434451014978,2.0,2.932914408159243,721.8,0.001058488809904671
11200790,용답동,성동구,2.3771475593191016,3.0,1.262016734400495,12,5.04806693760198,25.0,10.516806120004127,1.0,0.4206722448001651,25,10.516806120004127,19,7.992772651203136,8,3.3653779584013206,36,15.144200812805941,1.0,0.4206722448001651,6046.9,0.0025437629970821176
11215710,화양동,광진구,1.1660084458709397,2.0,1.7152534418445982,20,17.15253441844598,60.0,51.45760325533794,4.0,3.4305068836891963,27,23.155921464902075,59,50.599976534415646,22,18.86778786029058,111,95.1965660223752,4.0,3.4305068836891963,3906.5,0.003350318785282961
11215730,군자동,광진구,0.738025434750857,0.0,0.0,22,29.80927074339487,37.0,50.133773522982274,2.0,2.709933703944988,19,25.744370187477386,33,44.7139061150923,15,20.32450277958741,90,121.94701667752446,1.0,1.354966851972494,642.0,0.0008698887189663411
11215740,중곡1동,광진구,0.6145047378849271,0.0,0.0,18,29.29188155970036,34.0,55.32910961276735,0.0,0.0,20,32.54653506633373,12,19.52792103980024,9,14.64594077985018,55,89.50297143241777,1.0,1.6273267533166866,995.7,0.001620329248277425
11215750,중곡2동,광진구,0.5455420904867976,0.0,0.0,17,31.16166524352058,47.0,86.15283920267454,1.0,1.833039131971799,21,38.493821771407774,23,42.15990003535138,13,23.829508715633384,99,181.47087406520808,0.0,0.0,0.0,0.0
11215760,중곡3동,광진구,0.6018662240952611,1.0,1.6614987848889884,22,36.552973267557746,25.0,41.53746962222471,2.0,3.322997569777977,16,26.583980558223814,14,23.26098298844584,13,21.599484203556848,36,59.813956256003586,1.0,1.6614987848889884,971.9,0.0016148106690336078
11215770,중곡4동,광진구,2.313468184729717,0.0,0.0,34,14.696549632461112,30.0,12.967543793348039,6.0,2.593508758669608,20,8.64502919556536,15,6.483771896674019,10,4.32251459778268,63,27.231841966030885,2.0,0.864502919556536,1473.0,0.0006367064002533887
11215780,능동,광진구,1.0921047906984358,4.0,3.6626521869223487,9,8.240967420575284,20.0,18.313260934611744,2.0,1.8313260934611744,5,4.578315233652936,22,20.14458702807292,7,6.409641327114111,55,50.3614675701823,0.0,0.0,0.0,0.0
11215810,광장동,광진구,2.3937611062030872,1.0,0.41775263095746856,38,15.874599976383806,33.0,13.785836821596462,7.0,2.92426841670228,17,7.101794726276966,21,8.77280525010684,12,5.0130315714896225,119,49.71256308393876,1.0,0.41775263095746856,1012.0,0.0004227656625289582
11215820,자양1동,광진구,0.568867859227818,0.0,0.0,13,22.852407266682665,65.0,114.26203633341332,1.0,1.7578774820525127,15,26.36816223078769,22,38.67330460515528,15,26.36816223078769,75,131.84081115393846,3.0,5.273632446157539,2985.6,0.005248319010415982
11215830,자양2동,광진구,1.6575229331309047,0.0,0.0,17,10.256268350923266,34.0,20.512536701846532,7.0,4.223169320968404,22,13.272817865900699,19,11.46288815691424,20,12.066198059909725,78,47.05817243364793,2.0,1.2066198059909725,1822.9,0.001099773622170472
11230710,회기동,동대문구,0.7669167447799828,0.0,0.0,10,13.03922501114362,13.0,16.950992514486707,2.0,2.607845002228724,17,22.166682518944153,16,20.862760017829793,7,9.127457507800534,44,57.37259004903193,0.0,0.0,0.0,0.0
11230720,휘경1동,동대문구,0.5217962421848626,2.0,3.8329137665415334,14,26.830396365790733,22.0,42.16205143195687,0.0,0.0,15,28.7468532490615,15,28.7468532490615,11,21.081025715978434,43,82.40764598064297,0.0,0.0,0.0,0.0
11230730,휘경2동,동대문구,1.1136088193303597,0.0,0.0,18,16.16366509276017,13.0,11.67375812254901,6.0,5.3878883642533895,13,11.67375812254901,17,15.265683698717936,16,14.367702304675705,59,52.98090224849166,0.0,0.0,0.0,0.0
11230740,이문1동,동대문구,1.0396023692088774,1.0,0.9619062341700758,28,26.93337455676212,65.0,62.523905221054925,5.0,4.809531170850379,15,14.428593512551137,34,32.704811961782575,11,10.580968575870834,84,80.80012367028637,0.0,0.0,0.0,0.0
11230750,이문2동,동대문구,0.7238898695020811,1.0,1.3814256037148827,10,13.814256037148827,13.0,17.958532848293473,1.0,1.3814256037148827,12,16.577107244578592,9,12.432830433433944,5,6.907128018574413,57,78.7412594117483,0.0,0.0,0.0,0.0
11260520,면목2동,중랑구,0.7631215328376311,0.0,0.0,23,30.13936707365024,23.0,30.13936707365024,2.0,2.6208145281434994,28,36.691403394008994,27,35.38099612993724,19,24.897738017363245,50,65.52036320358748,0.0,0.0,0.0,0.0
11260540,면목4동,중랑구,0.8434664505231524,1.0,1.1855836108001203,13,15.412586940401564,9.0,10.670252497201082,2.0,2.3711672216002406,24,28.454006659202886,15,17.783754162001802,13,15.412586940401564,47,55.722429707605656,0.0,0.0,0.0,0.0
11260550,면목5동,중랑구,0.7049359054557066,0.0,0.0,11,15.604255528577506,6.0,8.511412106496822,0.0,0.0,11,15.604255528577506,9,12.767118159745232,5,7.092843422080684,16,22.69709895065819,0.0,0.0,0.0,0.0
11260565,면목본동,중랑구,0.8490186863193563,1.0,1.1778303777213361,28,32.97925057619741,68.0,80.09246568505085,2.0,2.3556607554426723,36,42.4018935979681,28,32.97925057619741,21,24.734437932148058,68,80.09246568505085,0.0,0.0,0.0,0.0
11260570,면목7동,중랑구,1.2361341736736149,0.0,0.0,18,14.561526073263197,63.0,50.96534125642119,1.0,0.8089736707368442,16,12.943578731789508,14,11.32563139031582,13,10.516657719578976,46,37.212788853894835,0.0,0.0,0.0,0.0
11260575,면목3·8동,중랑구,1.6141167126022082,1.0,0.6195338863618132,30,18.586016590854396,34.0,21.06415213630165,3.0,1.8586016590854397,20,12.390677727236264,19,11.771143840874451,11,6.814872749979945,52,32.21576209081429,0.0,0.0,0.0,0.0
11260580,상봉1동,중랑구,0.8542187519768509,3.0,3.5119809686422094,13,15.218584197449573,24.0,28.095847749137675,4.0,4.682641291522946,22,25.7545271033762,22,25.7545271033762,11,12.8772635516881,56,65.55697808132123,0.0,0.0,0.0,0.0
11260590,상봉2동,중랑구,0.6774452307990487,2.0,2.952268182094948,18,26.570413638854532,64.0,94.47258182703834,0.0,0.0,27,39.8556204582818,32,47.23629091351917,16,23.618145456759585,51,75.28283864342117,0.0,0.0,0.0,0.0
11260600,중화1동,중랑구,0.6414934383216154,0.0,0.0,14,21.824073581530605,23.0,35.85383516965742,5.0,7.794311993403787,19,29.618385574934393,16,24.94179837889212,9,14.029761588126817,60,93.53174392084546,0.0,0.0,0.0,0.0
11260610,중화2동,중랑구,1.0169551365825917,3.0,2.9499826413988086,28,27.53317131972221,40.0,39.33310188531745,0.0,0.0,24,23.59986113119047,22,21.633206036924594,15,14.749913206994043,42,41.29975697958332,0.0,0.0,0.0,0.0
11260620,묵1동,중랑구,1.238435958255258,0.0,0.0,33,26.64651311198303,37.0,29.876393489193095,5.0,4.03735047151258,20,16.14940188605032,23,18.57181216895787,15,12.11205141453774,80,64.59760754420128,0.0,0.0,0.0,0.0
11260630,묵2동,중랑구,0.6692035697711504,1.0,1.4943136067579155,20,29.886272135158308,26.0,38.8521537757058,2.0,2.988627213515831,19,28.391958528400394,15,22.41470410136873,11,16.43744967433707,48,71.72705312437994,0.0,0.0,0.0,0.0
11260655,망우본동,중랑구,2.948108803659453,2.0,0.678401013394561,56,18.99522837504771,87.0,29.510444082663405,11.0,3.7312055736700858,40,13.568020267891221,42,14.246421281285782,24,8.140812160734733,93,31.54564712284709,0.0,0.0,0.0,0.0
11260660,망우3동,중랑구,0.962561285133501,0.0,0.0,11,11.427843785005722,15.0,15.58342334318962,4.0,4.155579558183899,17,17.66121312228157,14,14.544528453643645,8,8.311159116367797,30,31.16684668637924,0.0,0.0,0.0,0.0
11260680,신내1동,중랑구,2.606948852280486,1.0,0.3835901878647247,53,20.33027995683041,35.0,13.425656575265364,2.0,0.7671803757294494,23,8.822574320888668,19,7.28821356942977,10,3.835901878647247,112,42.96210104084917,0.0,0.0,0.0,0.0
11260690,신내2동,중랑구,0.9112811311114171,0.0,0.0,19,20.84976781734437,30.0,32.92068602738585,4.0,4.389424803651447,11,12.070918210041478,9,9.876205808215754,9,9.876205808215754,90,98.76205808215755,0.0,0.0,0.0,0.0
11290525,성북동,성북구,2.879911994935279,0.0,0.0,46,15.972710305348679,28.0,9.722519316299195,6.0,2.0833969963498276,12,4.166793992699655,18,6.250190989049483,10,3.4723283272497127,115,39.9317757633717,0.0,0.0,0.0,0.0
11290555,삼선동,성북구,0.9262268238209445,1.0,1.0796491467119476,38,41.026667575054006,53.0,57.22140477573322,4.0,4.31859658684779,21,22.672632080950898,20,21.59298293423895,11,11.876140613831422,122,131.7171958988576,1.0,1.0796491467119476,10957.0,0.01182971570052281
11320681,쌍문4동,도봉구,0.5548675525356802,0.0,0.0,17,30.63794219415422,11.0,19.824550831511555,7.0,12.615623256416443,8,14.41785515019022,13,23.42901461905911,8,14.41785515019022,82,147.78301528944976,0.0,0.0,0.0,0.0
11320690,방학1동,도봉구,1.040856874139595,1.0,0.9607468854222935,32,30.74390033351339,68.0,65.33078820871596,3.0,2.8822406562668808,36,34.586887875202564,29,27.86165967724651,7,6.725228197956055,105,100.87842296934082,4.0,3.842987541689174,3411.0,0.003277107626175443
11320700,방학2동,도봉구,1.092814202184756,0.0,0.0,23,21.04657859864775,16.0,14.641098155581043,2.0,1.8301372694476303,19,17.38630405975249,17,15.556166790304857,11,10.065754981961968,30,27.452059041714456,5.0,4.575343173619076,4320.0,0.003953096502006881
11320710,방학3동,도봉구,1.9510256914009965,0.0,0.0,26,13.326323745808732,20.0,10.251018266006717,4.0,2.0502036532013435,11,5.6380600463036945,11,5.6380600463036945,6,3.075305479802015,62,31.778156624620824,1.0,0.5125509133003359,973.0,0.0004987120386412268
11350560,월계1동,노원구,1.1074606109304712,1.0,0.9029666519333952,43,38.827566033135994,43.0,38.827566033135994,3.0,2.7088999558001854,17,15.350433082867719,27,24.38009960220167,8,7.223733215467162,51,46.05129924860316,1.0,0.9029666519333952,260500.0,0.23522281282864946
11350570,월계2동,노원구,2.004784565144689,2.0,0.9976134267851648,40,19.952268535703297,13.0,6.4844872741035715,9.0,4.489260420533242,15,7.482100700888736,13,6.4844872741035715,7,3.491646993748077,41,20.45107524909588,1.0,0.4988067133925824,950643.0,0.47418711043966477
11350580,월계3동,노원구,1.1682832498499767,3.0,2.567870420452609,24,20.54296336362087,19.0,16.26317932953319,4.0,3.423827227270145,14,11.983395295445508,10,8.559568068175363,4,3.423827227270145,26,22.254876977255943,0.0,0.0,0.0,0.0
11350595,공릉1동,노원구,1.2632605426111911,3.0,2.3748070162936656,45,35.622105244404985,70.0,55.412163713518865,3.0,2.3748070162936656,30,23.748070162936656,38,30.080888873053098,14,11.082432742703773,106,83.90984790904285,0.0,0.0,0.0,0.0
11350600,공릉2동,노원구,6.983449392655064,1.0,0.1431957108548339,47,6.730198410177193,45.0,6.443806988467526,9.0,1.288761397693505,22,3.150305638806346,32,4.582262747354685,14,2.0047399519676747,151,21.62255233907992,0.0,0.0,0.0,0.0
11350611,하계1동,노원구,1.5270609669853856,0.0,0.0,32,20.955286456684245,17.0,11.132495930113505,6.0,3.929116210628296,17,11.132495930113505,17,11.132495930113505,6,3.929116210628296,71,46.494541825768174,0.0,0.0,0.0,0.0
11350612,하계2동,노원구,0.5000232782971712,1.0,1.9999068911461464,22,43.99795160521522,8.0,15.999255129169171,3.0,5.999720673438439,7,13.999348238023025,5,9.999534455730732,3,5.999720673438439,25,49.99767227865366,0.0,0.0,0.0,0.0
11350619,중계본동,노원구,2.183234070100764,0.0,0.0,18,8.244649644538223,33.0,15.11519101498674,5.0,2.2901804568161728,14,6.412505279085284,15,6.870541370448518,7,3.206252639542642,337,154.35816278941004,1.0,0.4580360913632346,5332422.0,1.0
11350621,중계1동,노원구,0.6234505963767878,0.0,0.0,18,28.871573954067635,33.0,52.931218915790666,4.0,6.415905323126141,10,16.039763307815353,13,20.851692300159957,9,14.435786977033818,244,391.37022471069463,0.0,0.0,0.0,0.0
11350624,중계4동,노원구,1.5194486348534262,0.0,0.0,7,4.606934278285265,36.0,23.69280485975279,6.0,3.9488008099587986,16,10.530135493223463,7,4.606934278285265,3,1.9744004049793993,79,51.99254399779085,0.0,0.0,0.0,0.0
11350665,상계3·4동,노원구,5.211708287218757,1.0,0.1918756662671258,20,3.837513325342516,25.0,4.796891656678145,2.0,0.3837513325342516,21,4.0293889916096415,14,2.6862593277397613,5,0.959378331335629,54,10.361285978424792,0.0,0.0,0.0,0.0
11350670,상계5동,노원구,0.9068909737608296,1.0,1.102668379036845,27,29.772046233994818,22.0,24.258704338810592,1.0,1.102668379036845,33,36.38805650821589,13,14.334688927478986,14,15.437357306515832,103,113.57484304079505,0.0,0.0,0.0,0.0
11350695,상계6·7동,노원구,1.45029541118064,1.0,0.6895146963099961,29,19.995926192989888,182.0,125.4916747284193,6.0,4.137088177859977,15,10.342720444649942,31,21.37495558560988,11,7.584661659409957,140,96.53205748339946,0.0,0.0,0.0,0.0
11350700,상계8동,노원구,0.6663480430394523,1.0,1.5007172459584956,12,18.00860695150195,28.0,42.02008288683788,4.0,6.002868983833983,5,7.503586229792479,5,7.503586229792479,3,4.502151737875487,40,60.02868983833983,0.0,0.0,0.0,0.0
11350710,상계9동,노원구,0.719445083593426,0.0,0.0,18,25.019282792364166,29.0,40.30884449880893,7.0,9.729721085919397,8,11.11968124105074,9,12.509641396182083,4,5.55984062052537,57,79.22772884248653,0.0,0.0,0.0,0.0
11350720,상계10동,노원구,0.8092144891985578,0.0,0.0,24,29.658391341669486,8.0,9.886130447223161,4.0,4.943065223611581,9,11.121896753126057,4,4.943065223611581,3,3.7072989177086857,49,60.55254898924186,0.0,0.0,0.0,0.0
11380510,녹번동,은평구,1.794215028384109,2.0,1.1146935948927055,27,15.048363531051525,38.0,21.179178302961404,3.0,1.672040392339058,24,13.376323138712465,30,16.72040392339058,16,8.917548759141644,142,79.14324523738209,0.0,0.0,0.0,0.0
11380520,불광1동,은평구,3.124926791262571,2.0,0.6400149935006751,38,12.160284876512828,79.0,25.28059224327667,2.0,0.6400149935006751,14,4.480104954504726,22,7.040164928507426,14,4.480104954504726,79,25.28059224327667,0.0,0.0,0.0,0.0
11380530,불광2동,은평구,1.3960889591025292,1.0,0.7162867333632138,26,18.623455067443558,31.0,22.204888734259626,7.0,5.0140071335424965,25,17.907168334080346,17,12.176874467174635,15,10.744301000448207,64,45.84235093524568,0.0,0.0,0.0,0.0
11380551,갈현1동,은평구,0.9610713102988576,0.0,0.0,33,34.33668204052228,49.0,50.98477030259369,0.0,0.0,19,19.7696048112098,15,15.607582745691946,15,15.607582745691946,68,70.75437511380349,0.0,0.0,0.0,0.0
11380552,갈현2동,은평구,0.9851653271162619,0.0,0.0,30,30.451741625758235,29.0,29.43668357156629,10.0,10.15058054191941,24,24.361393300606586,25,25.37645135479853,17,17.255986921263,164,166.46952088747835,0.0,0.0,0.0,0.0
11380560,구산동,은평구,1.3897749931230337,1.0,0.7195409364452943,34,24.464391839140003,28.0,20.14714622046824,9.0,6.475868428007648,18,12.951736856015296,16,11.512654983124708,15,10.793114046679413,89,64.03914334363118,0.0,0.0,0.0,0.0
11380570,대조동,은평구,0.8516924437170618,2.0,2.348265520909581,24,28.17918625091497,104.0,122.10980708729821,4.0,4.696531041819162,30,35.223982813643715,27,31.701584532279345,15,17.611991406821858,111,130.32873641048175,0.0,0.0,0.0,0.0
11380580,응암1동,은평구,1.1098628004537259,0.0,0.0,23,20.72328218460634,85.0,76.58604285615387,3.0,2.7030368066877837,17,15.317208571230774,22,19.822269915710415,12,10.812147226751135,124,111.72552134309505,0.0,0.0,0.0,0.0
11380590,응암2동,은평구,0.7552469456971845,0.0,0.0,34,45.01838795073031,19.0,25.157334443055174,1.0,1.324070233845009,9,11.916632104605082,12,15.88884280614011,6,7.944421403070055,68,90.03677590146062,0.0,0.0,0.0,0.0
11380600,응암3동,은평구,0.7527729313220956,0.0,0.0,25,33.21054591600748,49.0,65.09266999537466,4.0,5.3136873465611965,17,22.58317122288509,23,30.55370224272688,12,15.94106203968359,75,99.63163774802244,0.0,0.0,0.0,0.0
11380625,역촌동,은평구,1.1575421991196313,0.0,0.0,50,43.1949695121504,56.0,48.37836585360844,1.0,0.863899390243008,23,19.869685975589185,37,31.964277438991296,22,19.005786585346176,166,143.40729878033932,0.0,0.0,0.0,0.0
11380631,신사1동,은평구,0.8083135899155436,1.0,1.2371436191051604,24,29.691446858523847,35.0,43.30002666868061,1.0,1.2371436191051604,20,24.742872382103204,18,22.268585143892885,11,13.608579810156764,61,75.46576076541479,0.0,0.0,0.0,0.0
11380632,신사2동,은평구,1.0462220392066737,1.0,0.9558200482550312,31,29.630421495905967,17.0,16.24894082033553,6.0,5.734920289530187,19,18.160580916845593,12,11.469840579060374,7,6.690740337785218,64,61.172483088322,0.0,0.0,0.0,0.0
11380640,증산동,은평구,0.8074092618352654,1.0,1.2385292654768043,11,13.623821920244847,22.0,27.247643840489694,3.0,3.715587796430413,11,13.623821920244847,12,14.862351185721652,6,7.431175592860826,54,66.88058033574742,0.0,0.0,0.0,0.0
11380650,수색동,은평구,1.2902576460575164,2.0,1.5500780065990365,19,14.725741062690846,13.0,10.075507042893737,1.0,0.7750390032995182,8,6.200312026396146,5,3.875195016497591,4,3.100156013198073,16,12.400624052792292,0.0,0.0,0.0,0.0
11380690,진관동,은평구,11.565109508038645,1.0,0.08646697199926405,71,6.139155011947747,70.0,6.0526880399484835,11.0,0.9511366919919045,21,1.8158064119845452,28,2.4210752159793936,14,1.2105376079896968,160,13.834715519882248,0.0,0.0,0.0,0.0
11410520,천연동,서대문구,0.9828165128286961,0.0,0.0,36,36.629421189095105,24.0,24.4196141260634,3.0,3.052451765757925,16,16.279742750708934,9,9.157355297273776,9,9.157355297273776,57,57.99658354940058,0.0,0.0,0.0,0.0
11410555,북아현동,서대문구,0.4589445462766089,1.0,2.1789124810675786,16,34.86259969708126,31.0,67.54628691309493,3.0,6.536737443202735,11,23.968037291743364,6,13.07347488640547,9,19.610212329608206,45,98.05106164804103,0.0,0.0,0.0,0.0
11410565,충현동,서대문구,1.1160013483316276,3.0,2.6881687952123596,43,38.53041939804382,24.0,21.505350361698877,7.0,6.272393855495506,14,12.544787710991011,35,31.361969277477527,13,11.648731445920225,63,56.45154469945955,0.0,0.0,0.0,0.0
11410585,신촌동,서대문구,2.7203637801003366,2.0,0.7351957905887987,47,17.277101078836772,61.0,22.423471612958362,5.0,1.8379894764719968,39,14.336317916481574,77,28.30503793766875,28,10.292741068243183,275,101.08942120595982,0.0,0.0,0.0,0.0
11410615,연희동,서대문구,2.9291718872678976,0.0,0.0,57,19.45942477727558,41.0,13.99713010295261,4.0,1.3655736685807425,22,7.510655177194084,31,10.583195931500754,19,6.486474925758527,169,57.69548749753637,0.0,0.0,0.0,0.0
11410620,홍제1동,서대문구,1.2356320827203457,1.0,0.8093023918563346,22,17.80465262083936,49.0,39.65581720096039,2.0,1.6186047837126691,15,12.139535877845018,17,13.758140661557686,8,6.4744191348506765,87,70.4093080915011,0.0,0.0,0.0,0.0
11410640,홍제3동,서대문구,1.192508114097487,1.0,0.8385687176282396,40,33.54274870512958,43.0,36.0584548580143,3.0,2.515706152884719,23,19.28708050544951,12,10.062824611538876,8,6.708549741025917,84,70.43977228077212,0.0,0.0,0.0,0.0
11410655,홍제2동,서대문구,0.6999776615118262,0.0,0.0,9,12.857553168999157,11.0,15.714787206554526,0.0,0.0,8,11.428936150221473,7,10.000319131443788,6,8.571702112666104,48,68.57361690132883,0.0,0.0,0.0,0.0
11410660,홍은1동,서대문구,1.6151401135262684,0.0,0.0,32,19.812522599129636,16.0,9.906261299564818,1.0,0.6191413312228011,10,6.191413312228011,12,7.4296959746736135,10,6.191413312228011,66,40.86332786070488,0.0,0.0,0.0,0.0
11410685,홍은2동,서대문구,2.0750845502117787,0.0,0.0,71,34.21547328890955,15.0,7.228621117375257,6.0,2.8914484469501027,16,7.71052919186694,28,13.493426085767146,11,5.300988819408522,92,44.335542853234905,0.0,0.0,0.0,0.0
11410690,남가좌1동,서대문구,0.47553634166156655,0.0,0.0,16,33.64621922289802,34.0,71.49821584865829,1.0,2.102888701431126,9,18.925998312880136,5,10.514443507155631,2,4.205777402862252,51,107.24732377298743,0.0,0.0,0.0,0.0
11410700,남가좌2동,서대문구,0.7837749079907861,0.0,0.0,25,31.896912933954113,46.0,58.69031979847557,2.0,2.551753034716329,22,28.06928338187962,24,30.62103641659595,13,16.586394725656138,101,128.86352825317462,0.0,0.0,0.0,0.0
11410710,북가좌1동,서대문구,0.5779794273874141,0.0,0.0,11,19.031819263398805,23.0,39.793803914379325,3.0,5.190496162745129,9,15.571488488235387,12,20.761984650980516,8,13.841323100653677,55,95.15909631699402,0.0,0.0,0.0,0.0
11410720,북가좌2동,서대문구,0.8248664282211249,0.0,0.0,36,43.643429733994886,38.0,46.06806471921682,0.0,0.0,22,26.67098483744132,25,30.307937315274227,16,19.397079881775504,118,143.05346412809436,0.0,0.0,0.0,0.0
11440555,아현동,마포구,0.7443278014338682,1.0,1.3434940869783536,17,22.83939947863201,74.0,99.41856243639816,3.0,4.03048226093506,20,26.86988173956707,17,22.83939947863201,8,10.747952695826829,119,159.87579635042405,0.0,0.0,0.0,0.0
11440565,공덕동,마포구,1.0191974128504884,2.0,1.9623283720927094,37,36.30307488371513,62.0,60.832179534873994,2.0,1.9623283720927094,30,29.434925581390644,20,19.623283720927095,19,18.64211953488074,134,131.47600093021154,0.0,0.0,0.0,0.0
11440585,도화동,마포구,0.625018275539887,2.0,3.1999064319717885,34,54.398409343520406,78.0,124.79635084689976,1.0,1.5999532159858942,10,15.999532159858942,21,33.59901753570378,10,15.999532159858942,116,185.59457305436374,0.0,0.0,0.0,0.0
11350625,중계2·3동,노원구,0.9190832107633783,1.0,1.0880407652854558,31,33.72926372384913,37.0,40.257508315561864,9.0,9.792366887569102,21,22.84885607099457,10,10.880407652854558,8,8.704326122283646,58,63.106364386556436,0.0,0.0,0.0,0.0
11350630,상계1동,노원구,5.402614179266673,1.0,0.18509557906941554,29,5.36777179301305,46.0,8.514396637193114,6.0,1.1105734744164932,28,5.182676213943635,28,5.182676213943635,17,3.146624844180064,106,19.620131381358046,0.0,0.0,0.0,0.0
11350640,상계2동,노원구,0.6231254949976514,1.0,1.6048131684994997,24,38.515516043987994,72.0,115.54654813196397,2.0,3.2096263369989995,21,33.701076538489495,22,35.30588970698899,11,17.652944853494496,144,231.09309626392795,0.0,0.0,0.0,0.0
11440700,망원2동,마포구,0.67641051485765,0.0,0.0,35,51.74372549097011,17.0,25.132666667042624,2.0,2.9567843137697203,11,16.262313725733463,17,25.132666667042624,11,16.262313725733463,97,143.40403921783144,0.0,0.0,0.0,0.0
11440710,연남동,마포구,0.6474379713549118,0.0,0.0,22,33.980089172032926,10.0,15.445495078196783,3.0,4.633648523459035,11,16.990044586016463,29,44.791935726770674,14,21.623693109475496,119,183.8013914305417,0.0,0.0,0.0,0.0
11440720,성산1동,마포구,0.8592543041194098,0.0,0.0,25,29.094995369992084,15.0,17.456997221995252,5.0,5.818999073998417,15,17.456997221995252,25,29.094995369992084,13,15.129397592395884,106,123.36278036876644,0.0,0.0,0.0,0.0
11440730,성산2동,마포구,1.9787235815176258,3.0,1.516128896436906,41,20.72042825130438,40.0,20.21505195249208,5.0,2.52688149406151,22,11.118278573870644,31,15.666665263181361,21,10.61290227505834,144,72.77418702897148,0.0,0.0,0.0,0.0
11440740,상암동,마포구,8.402414596974719,2.0,0.23802681680574272,98,11.663314023481394,60.0,7.140804504172282,5.0,0.5950670420143568,26,3.0943486184746556,52,6.188697236949311,16,1.9042145344459418,173,20.589319653696744,0.0,0.0,0.0,0.0
11470510,목1동,양천구,1.4331109860871003,1.0,0.6977826628280575,24,16.74678390787338,130.0,90.71174616764746,4.0,2.79113065131223,17,11.862305268076977,32,22.32904521049784,6,4.186695976968345,292,203.75253754579276,0.0,0.0,0.0,0.0
11470520,목2동,양천구,1.0213554099507534,2.0,1.958182216018647,16,15.665457728149176,26.0,25.456368808242413,1.0,0.9790911080093235,15,14.686366620139854,22,21.54000437620512,10,9.790911080093236,95,93.01365526088574,0.0,0.0,0.0,0.0
11470530,목3동,양천구,0.5318500756769127,1.0,1.880229120447617,8,15.041832963580935,59.0,110.9335181064094,1.0,1.880229120447617,13,24.44297856581902,14,26.323207686266638,14,26.323207686266638,75,141.01718403357125,0.0,0.0,0.0,0.0
11320512,창2동,도봉구,0.6544420475207741,0.0,0.0,23,35.144441111525474,17.0,25.976326038953612,1.0,1.5280191787619772,24,36.672460290287454,22,33.616421932763494,19,29.032364396477565,58,88.62511236819468,5.0,7.640095893809885,314409.0,0.4804229819753745
11320513,창3동,도봉구,0.6554853707087865,0.0,0.0,14,21.35821884912791,17.0,25.93498003108389,2.0,3.051174121303987,21,32.03732827369186,11,16.781457667171928,7,10.679109424563954,19,28.986154152387876,3.0,4.57676118195598,332625.0,0.5074483960493693
11320514,창4동,도봉구,1.140171660604215,0.0,0.0,37,32.451253858030874,40.0,35.08243660327662,5.0,4.385304575409577,12,10.524730980982987,18,15.78709647147448,6,5.262365490491494,103,90.3372742534373,5.0,4.385304575409577,16785.0,0.014721467459649952
11320515,창5동,도봉구,0.701479932118215,2.0,2.8511150617819174,18,25.660035556037258,46.0,65.5756464209841,3.0,4.276672592672877,22,31.362265679601094,17,24.2344780251463,10,14.255575308909588,132,188.17359407760657,2.0,2.8511150617819174,3325.0,0.004739978790212438
11320521,도봉1동,도봉구,8.451467895621892,0.0,0.0,36,4.25961506860235,23.0,2.721420738273723,3.0,0.3549679223835291,32,3.7863245054243104,19,2.2481301750956844,8,0.9465811263560776,42,4.969550913369408,7.0,0.8282584855615679,6111.0,0.0007230696578952488
11320522,도봉2동,도봉구,1.119030817016822,3.0,2.6808913162888364,43,38.42610886680666,15.0,13.404456581444183,3.0,2.6808913162888364,18,16.08534789773302,12,10.723565265155345,9,8.04267394886651,43,38.42610886680666,4.0,3.5745217550517823,103464.0,0.09245857971616939
11320660,쌍문1동,도봉구,1.1757740097535947,0.0,0.0,44,37.42215734911594,15.0,12.757553641744071,5.0,4.252517880581356,29,24.66460370737187,20,17.010071522325426,7,5.953525032813899,45,38.27266092523221,3.0,2.551510728348814,383825.0,0.3264445351028279
11320670,쌍문2동,도봉구,0.5411926009628879,0.0,0.0,14,25.86879416882502,37.0,68.3675274461804,2.0,3.69554202411786,15,27.71656518088395,17,31.41210720500181,7,12.93439708441251,72,133.03951286824295,1.0,1.84777101205893,1019.0,0.0018828786612880496
11320680,쌍문3동,도봉구,0.504805475577421,1.0,1.9809610798221862,15,29.714416197332792,25.0,49.52402699555465,1.0,1.9809610798221862,19,37.638260516621536,16,31.69537727715498,3,5.942883239466559,42,83.20036535253182,2.0,3.9619221596443723,1344.0,0.002662411691281018
11500550,화곡2동,강서구,0.45462062393306774,0.0,0.0,28,61.58981472895595,16.0,35.19417984511769,1.0,2.1996362403198555,23,50.59163352735668,10,21.996362403198553,7,15.397453682238988,55,120.97999321759205,0.0,0.0,0.0,0.0
11500604,가양2동,강서구,0.8238744101539566,1.0,1.2137772306984642,13,15.779103999080034,34.0,41.26842584374778,2.0,2.4275544613969284,3,3.641331692095392,8,9.710217845587714,7,8.496440614889249,17,20.63421292187389,0.0,0.0,0.0,0.0
11470540,목4동,양천구,0.5774934595108866,0.0,0.0,14,24.24269880364953,42.0,72.7280964109486,3.0,5.194864029353472,26,45.02215492106342,16,27.70594148988518,16,27.70594148988518,130,225.1107746053171,0.0,0.0,0.0,0.0
11470550,목5동,양천구,1.7663606561896463,0.0,0.0,28,15.85180234958413,49.0,27.740654111772226,9.0,5.095222183794899,15,8.492036972991498,17,9.624308569390363,13,7.359765376592631,480,271.7451831357279,0.0,0.0,0.0,0.0
11470560,신월1동,양천구,0.6223995458912498,0.0,0.0,9,14.46016479191414,19.0,30.52701456070763,0.0,0.0,28,44.98717935262177,15,24.100274653190237,12,19.28021972255219,48,77.12087889020876,0.0,0.0,0.0,0.0
11470570,신월2동,양천구,0.6068113761948282,0.0,0.0,9,14.831627014702475,20.0,32.95917114378328,4.0,6.591834228756656,18,29.66325402940495,7,11.535709900324148,12,19.775502686269967,55,90.63772064540402,0.0,0.0,0.0,0.0
11470580,신월3동,양천구,0.91803946162334,0.0,0.0,12,13.071333533724989,15.0,16.339166917156238,7.0,7.624944561339577,20,21.785555889541648,13,14.160611328202071,4,4.35711117790833,29,31.58905603983539,0.0,0.0,0.0,0.0
11470590,신월4동,양천구,0.46987333067941034,0.0,0.0,10,21.282331528670852,21.0,44.692896210208794,1.0,2.128233152867085,13,27.66703098727211,10,21.282331528670852,8,17.02586522293668,49,104.28342449048718,0.0,0.0,0.0,0.0
11470600,신월5동,양천구,0.6383024503538938,0.0,0.0,13,20.36652059347793,11.0,17.23320973294286,2.0,3.1333108605350657,16,25.066486884280526,13,20.36652059347793,6,9.399932581605198,44,68.93283893177144,0.0,0.0,0.0,0.0
11470610,신월6동,양천구,0.4442863265227741,0.0,0.0,12,27.009609082319756,20.0,45.016015137199595,2.0,4.501601513719959,7,15.755605298019857,4,9.003203027439918,2,4.501601513719959,45,101.28603405869909,0.0,0.0,0.0,0.0
11470611,신월7동,양천구,1.2306276243016558,0.0,0.0,19,15.439276369878279,19.0,15.439276369878279,2.0,1.6251869863029769,10,8.125934931514884,13,10.56371541096935,10,8.125934931514884,37,30.065959246605072,0.0,0.0,0.0,0.0
11470620,신정1동,양천구,0.7475682439620479,0.0,0.0,28,37.45477449871652,40.0,53.50682071245217,3.0,4.013011553433913,18,24.078069320603475,5,6.688352589056521,7,9.36369362467913,129,172.55949679765823,0.0,0.0,0.0,0.0
11470630,신정2동,양천구,0.5258990318000618,0.0,0.0,14,26.62107962450589,37.0,70.35571043619413,3.0,5.704517062394119,12,22.818068249576477,10,19.015056874647062,10,19.015056874647062,201,382.20264318040597,0.0,0.0,0.0,0.0
11470640,신정3동,양천구,2.756536019640033,1.0,0.36277414583923584,57,20.678126312836444,61.0,22.129222896193387,10.0,3.6277414583923586,22,7.981031208463189,21,7.618257062623953,12,4.3532897500708305,117,42.4445750631906,0.0,0.0,0.0,0.0
11500560,화곡3동,강서구,0.5218580891705995,0.0,0.0,9,17.246067823350018,53.0,101.5601771819501,0.0,0.0,10,19.16229758150002,14,26.827216614100028,11,21.07852733965002,102,195.45543533130018,0.0,0.0,0.0,0.0
11500570,화곡4동,강서구,0.8520489404842392,0.0,0.0,30,35.209245120298256,37.0,43.42473564836785,4.0,4.694566016039768,24,28.16739609623861,17,19.951905568169014,9,10.562773536089479,58,68.07120723257664,0.0,0.0,0.0,0.0
11500590,화곡본동,강서구,0.9727347120011113,0.0,0.0,25,25.700738024008583,29.0,29.812856107849957,2.0,2.056059041920687,22,22.616649461127555,27,27.75679706592927,18,18.50453137728618,78,80.18630263490678,0.0,0.0,0.0,0.0
11500591,화곡6동,강서구,1.0379114255088482,0.0,0.0,29,27.94072720201766,33.0,31.79462060919251,1.0,0.9634733517937124,19,18.305993684080537,28,26.977253850223946,16,15.415573628699399,57,54.91798105224161,0.0,0.0,0.0,0.0
11500593,화곡8동,강서구,0.593322459715184,1.0,1.6854241460537929,27,45.506451943452404,37.0,62.36069340399034,0.0,0.0,19,32.023058775022065,14,23.5959380447531,18,30.33763462896827,44,74.15866242636689,0.0,0.0,0.0,0.0
11500603,가양1동,강서구,4.970690761685946,4.0,0.8047171292231606,61,12.2719362206532,130.0,26.153306699752722,3.0,0.6035378469173704,41,8.248350574537398,75,15.088446172934262,26,5.230661339950545,246,49.49010344722438,0.0,0.0,0.0,0.0
11440590,용강동,마포구,0.7906015789049721,1.0,1.2648596039803723,22,27.82691128756819,38.0,48.064664951254144,1.0,1.2648596039803723,14,17.708034455725212,28,35.416068911450424,8,10.118876831842979,161,203.64239624083993,0.0,0.0,0.0,0.0
11440600,대흥동,마포구,0.8585697924048935,3.0,3.494183031523695,31,36.10655799241151,68.0,79.20148204787041,5.0,5.823638385872824,18,20.965098189142168,26,30.282919606538687,11,12.812004448920213,205,238.7691738207858,0.0,0.0,0.0,0.0
11440610,염리동,마포구,0.4914683464678641,0.0,0.0,10,20.34719035695593,13.0,26.45134746404271,5.0,10.173595178477965,10,20.34719035695593,16,32.55550457112949,7,14.243033249869152,82,166.84696092703862,0.0,0.0,0.0,0.0
11440630,신수동,마포구,0.7978794958339404,0.0,0.0,24,30.079730241614115,23.0,28.826408148213527,4.0,5.013288373602353,19,23.813119774611174,14,17.546509307608236,11,13.78654302740647,95,119.06559887305588,0.0,0.0,0.0,0.0
11440655,서강동,마포구,1.4785767298853842,2.0,1.352652154991669,62,41.93221680474174,19.0,12.850195472420856,1.0,0.6763260774958345,12,8.115912929950014,28,18.937130169883368,12,8.115912929950014,163,110.24115063182103,0.0,0.0,0.0,0.0
11440660,서교동,마포구,1.6789806622708312,5.0,2.977997372070665,80,47.64795795313064,203.0,120.906693306069,1.0,0.595599474414133,47,27.99317529746425,119,70.87633745528183,24,14.294387385939192,649,386.5440588947723,0.0,0.0,0.0,0.0
11440680,합정동,마포구,1.7123889560140466,1.0,0.5839794729392059,28,16.351425242297765,29.0,16.93540471523697,2.0,1.1679589458784119,12,7.007753675270471,31,18.103363661115385,9,5.255815256452853,156,91.10079777851612,0.0,0.0,0.0,0.0
11440690,망원1동,마포구,1.1010048284858343,0.0,0.0,25,22.70653075552943,46.0,41.78001659017415,0.0,0.0,15,13.623918453317657,29,26.33957567641414,13,11.807395992875303,87,79.01872702924241,0.0,0.0,0.0,0.0
11470650,신정4동,양천구,0.9971435034859635,2.0,2.005729358921861,18,18.051564230296748,86.0,86.24636243364003,4.0,4.011458717843722,39,39.11172249897629,37,37.10599314005443,19,19.05442890975768,216,216.618770763561,0.0,0.0,0.0,0.0
11470670,신정6동,양천구,0.9408847704720777,0.0,0.0,19,20.193758679361952,8.0,8.50263523341556,2.0,2.12565880835389,6,6.376976425061669,9,9.565464637592505,9,9.565464637592505,197,209.37739262285817,0.0,0.0,0.0,0.0
11470680,신정7동,양천구,1.2341303186543633,1.0,0.8102871997264861,27,21.877754392615124,37.0,29.980626389879987,5.0,4.051435998632431,11,8.913159196991348,8,6.482297597811889,5,4.051435998632431,142,115.06078236116103,0.0,0.0,0.0,0.0
11500510,염창동,강서구,1.7328560242365312,0.0,0.0,36,20.77495158079335,55.0,31.739509359545394,5.0,2.885409941776854,22,12.695803743818157,28,16.15829567395038,18,10.387475790396675,171,98.6810200087684,0.0,0.0,0.0,0.0
11500520,등촌1동,강서구,0.6507408609190848,1.0,1.5367100178520112,15,23.05065026778017,51.0,78.37221091045258,1.0,1.5367100178520112,17,26.124070303484192,25,38.41775044630028,19,29.197490339188214,90,138.30390160668102,0.0,0.0,0.0,0.0
11650600,방배1동,서초구,0.6892444991654856,2.0,2.9017279099383946,22,31.91900700932234,72.0,104.4622047577822,1.0,1.4508639549691973,13,18.861231414599565,18,26.11555118944555,11,15.95950350466117,132,191.51404205593403,0.0,0.0,0.0,0.0
11650610,방배2동,서초구,1.9040302166087633,1.0,0.5252017490463379,35,18.382061216621825,47.0,24.68448220517788,3.0,1.5756052471390136,5,2.6260087452316894,21,11.029236729973094,8,4.201613992370703,149,78.25506060790434,0.0,0.0,0.0,0.0
11650620,방배3동,서초구,2.375133543077503,0.0,0.0,43,18.10424518037168,21.0,8.84160811134431,3.0,1.263086873049187,6,2.526173746098374,14,5.894405407562873,8,3.368231661464499,70,29.472027037814367,0.0,0.0,0.0,0.0
11650621,방배4동,서초구,0.9495268334014226,1.0,1.0531561245275933,29,30.541527611300207,103.0,108.47508082634211,3.0,3.1594683735827798,15,15.7973418679139,17,17.903654116969086,14,14.744185743386307,189,199.04650753571514,0.0,0.0,0.0,0.0
11650651,양재1동,서초구,5.765357682909946,0.0,0.0,72,12.488383888726826,87.0,15.090130532211582,5.0,0.8672488811615852,24,4.162794629575608,42,7.284890601757316,22,3.8158950771109748,251,43.53589383431157,0.0,0.0,0.0,0.0
11650652,양재2동,서초구,7.5622677877584294,1.0,0.13223546534794361,54,7.140715128788955,38.0,5.024947683221857,3.0,0.39670639604383084,22,2.9091802376547595,45,5.950595940657463,17,2.2480029109150412,174,23.00897097054219,0.0,0.0,0.0,0.0
11650660,내곡동,서초구,12.708879862403595,1.0,0.0786851406911382,60,4.721108441468292,24.0,1.8884433765873168,2.0,0.1573702813822764,9,0.7081662662202438,14,1.1015919696759349,5,0.393425703455691,66,5.193219285615121,0.0,0.0,0.0,0.0
11680510,신사동,강남구,2.0592342800174266,1.0,0.48561740143114623,15,7.284261021467193,421.0,204.44492600251255,3.0,1.4568522042934386,26,12.626052437209802,36,17.482226451521264,15,7.284261021467193,382,185.50584734669786,0.0,0.0,0.0,0.0
11530770,오류1동,구로구,0.7274143734963063,1.0,1.374732252256049,14,19.246251531584686,45.0,61.862951351522206,1.0,1.374732252256049,22,30.244109549633077,18,24.74518054060888,10,13.74732252256049,43,59.1134868470101,0.0,0.0,0.0,0.0
11530780,오류2동,구로구,3.0610177220149475,1.0,0.326688732576739,58,18.947946489450864,35.0,11.434105640185866,7.0,2.286821128037173,24,7.840529581841736,21,6.860463384111519,15,4.900330988651085,116,37.89589297890173,0.0,0.0,0.0,0.0
11530790,수궁동,구로구,2.6613521194687313,2.0,0.7514977012509142,41,15.405702875643742,13.0,4.884735058130943,8.0,3.005990805003657,18,6.763479311258228,19,7.139228161883685,10,3.757488506254571,53,19.914689083149227,0.0,0.0,0.0,0.0
11530800,항동,구로구,1.4469412909860826,0.0,0.0,31,21.424504361800103,10.0,6.911130439290356,3.0,2.073339131787107,11,7.602243483219392,13,8.984469571077463,2,1.3822260878580712,65,44.922347855387315,0.0,0.0,0.0,0.0
11545510,가산동,금천구,2.5128522702213525,3.0,1.1938624628083432,105,41.78518619829201,89.0,35.417919729980845,0.0,0.0,50,19.897707713472386,132,52.529948363567094,27,10.744762165275088,356,141.67167891992338,1.0,0.3979541542694477,1003.0,0.00039914801673225604
11545610,독산1동,금천구,2.06192067419126,0.0,0.0,66,32.008990853097174,58.0,28.12911317393388,7.0,3.3948929692678824,37,17.944434266130234,47,22.794281365084352,26,12.609602457280706,94,45.588562730168704,6.0,2.9099082593724703,39333.0,0.01907590359431623
11545620,독산2동,금천구,0.617173706943475,0.0,0.0,9,14.582604376605891,20.0,32.40578750356865,2.0,3.240578750356865,16,25.92463000285492,16,25.92463000285492,10,16.202893751784323,40,64.8115750071373,2.0,3.240578750356865,2030.6999999999998,0.0032903216341748425
11545630,독산3동,금천구,0.9349849221538123,0.0,0.0,22,23.529791207029568,36.0,38.50329470241202,5.0,5.347679819779447,45,48.12911837801503,19,20.3211833151619,13,13.903967531426563,52,55.61587012570625,2.0,2.139071927911779,2007.8000000000002,0.002147414308430635
11545640,독산4동,금천구,0.5910454402955286,0.0,0.0,15,25.378759359855394,11.0,18.611090197227288,1.0,1.6919172906570263,22,37.222180394454575,15,25.378759359855394,11,18.611090197227288,31,52.44943601036781,2.0,3.3838345813140527,19081.0,0.032283473823026716
11545670,시흥1동,금천구,1.5241476893220212,1.0,0.6561043965790644,39,25.58807146658351,98.0,64.2982308647483,4.0,2.6244175863162575,49,32.14911543237415,28,18.3709231042138,17,11.153774741844094,110,72.17148362369709,2.0,1.3122087931581288,2129.2,0.001396977481196144
11545680,시흥2동,금천구,1.3088815853768052,0.0,0.0,23,17.57225424894238,9.0,6.876099488716583,6.0,4.5840663258110546,8,6.11208843441474,2,1.528022108603685,3,2.2920331629055273,47,35.9085195521866,0.0,0.0,0.0,0.0
11545690,시흥3동,금천구,1.2613914053280917,0.0,0.0,16,12.684405437056512,8.0,6.342202718528256,4.0,3.171101359264128,8,6.342202718528256,5,3.96387669908016,4,3.171101359264128,13,10.306079417608416,1.0,0.792775339816032,4835.2,0.0038332273230784774
11545700,시흥4동,금천구,0.8217092249245765,0.0,0.0,23,27.990436643949245,16.0,19.471608100138607,2.0,2.433951012517326,17,20.68858360639727,12,14.603706075103954,9,10.952779556327966,43,52.3299467691225,1.0,1.216975506258663,8412.0,0.010237197958647871
11545710,시흥5동,금천구,1.386971616589417,0.0,0.0,35,25.2348350761968,28.0,20.187868060957438,2.0,1.4419905757826743,24,17.30388690939209,14,10.093934030478719,11,7.930948166804709,55,39.65474083402354,1.0,0.7209952878913372,865.0,0.0006236609240260066
11560515,영등포본동,영등포구,0.8463704216353051,1.0,1.1815157694994365,19,22.448799620489293,27.0,31.900925776484787,4.0,4.726063077997746,33,38.9900203934814,17,20.08576808149042,10,11.815157694994365,52,61.4388200139707,1.0,1.1815157694994365,61544.0,0.07271520651807332
11560535,영등포동,영등포구,1.3720937786081582,2.0,1.4576263162047023,44,32.06777895650345,124.0,90.37283160469154,1.0,0.7288131581023511,63,45.915228960448125,67,48.83048159285753,21,15.305076320149375,155,112.96603950586443,2.0,1.4576263162047023,10127.0,0.00738069085210251
11560540,여의동,영등포구,8.437542839197933,6.0,0.7111075006488922,58,6.874039172939291,201.0,23.82210127173789,6.0,0.7111075006488922,52,6.162931672290399,91,10.785130426508198,10,1.1851791677481538,338,40.059055869887594,3.0,0.3555537503244461,26438.0,0.0031333766836925685
11560550,당산1동,영등포구,0.7453045597949621,2.0,2.6834667435151776,19,25.492934063394188,41.0,55.01106824206114,0.0,0.0,30,40.252001152727665,36,48.3024013832732,9,12.0756003458183,134,179.7922718155169,1.0,1.3417333717575888,11154.0,0.014965694028584145
11560560,당산2동,영등포구,1.5813097949186337,2.0,1.264774306987019,41,25.92787329323389,97.0,61.34155388887042,4.0,2.529548613974038,17,10.750581609389661,38,24.03071183275336,20,12.64774306987019,196,123.94788208472787,1.0,0.6323871534935095,1279.0,0.0008088231693181986
11560585,도림동,영등포구,0.5858845592378289,0.0,0.0,22,37.550059398424104,16.0,27.309134107944804,0.0,0.0,20,34.136417634931,17,29.015954989691352,9,15.361387935718952,50,85.3410440873275,1.0,1.7068208817465502,1859.0,0.0031729800191668362
11560605,문래동,영등포구,1.7867084473105528,1.0,0.5596884043981839,43,24.06660138912191,63.0,35.26036947708559,5.0,2.79844202199092,29,16.230963727547334,36,20.148782558334624,12,6.716260852778207,223,124.81051418079502,0.0,0.0,0.0,0.0
11560610,양평1동,영등포구,0.9749121684635494,1.0,1.0257334274286356,22,22.566135403429985,19.0,19.488935121144078,2.0,2.051466854857271,18,18.46320169371544,20,20.51466854857271,6,6.154400564571814,96,98.47040903314902,1.0,1.0257334274286356,1467.0,0.0015047509380378085
11560620,양평2동,영등포구,2.8745964488925546,1.0,0.3478749166288202,28,9.740497665606965,25.0,8.696872915720505,5.0,1.739374583144101,22,7.653248165834044,32,11.131997332122246,12,4.174498999545842,101,35.13536657951084,0.0,0.0,0.0,0.0
11560630,신길1동,영등포구,0.7229246056828893,1.0,1.3832701116257893,20,27.665402232515785,19.0,26.282132120889997,1.0,1.3832701116257893,24,33.198482679018944,20,27.665402232515785,19,26.282132120889997,54,74.69658602779262,0.0,0.0,0.0,0.0
11560650,신길3동,영등포구,0.520083362761103,0.0,0.0,24,46.146448278185446,47.0,90.37012787811317,1.0,1.9227686782577271,16,30.764298852123634,10,19.22768678257727,8,15.382149426061817,44,84.60182184333999,0.0,0.0,0.0,0.0
11560660,신길4동,영등포구,0.2921265778558036,0.0,0.0,12,41.07808364469772,12.0,41.07808364469772,1.0,3.423173637058143,11,37.65491000763957,8,27.385389096465143,2,6.846347274116286,32,109.54155638586057,0.0,0.0,0.0,0.0
11560670,신길5동,영등포구,0.4946527266104657,0.0,0.0,21,42.454026573146336,7.0,14.151342191048778,3.0,6.064860939020905,12,24.25944375608362,4,8.086481252027873,5,10.108101565034842,21,42.454026573146336,1.0,2.0216203130069683,19604.0,0.039631844616188606
11560680,신길6동,영등포구,0.6535108867779547,2.0,3.060392780693715,23,35.19451697797772,56.0,85.69099785942402,2.0,3.060392780693715,21,32.134124197284,20,30.603927806937147,8,12.24157112277486,125,191.27454879335716,0.0,0.0,0.0,0.0
11560690,신길7동,영등포구,0.6424874775897874,2.0,3.112901137782099,31,48.24996763562253,12.0,18.677406826692593,2.0,3.112901137782099,6,9.338703413346297,13,20.233857395583644,1,1.5564505688910495,54,84.04833072011667,0.0,0.0,0.0,0.0
11560700,대림1동,영등포구,0.49897781215797177,0.0,0.0,16,32.065554038973076,29.0,58.1188166956387,2.0,4.0081942548716345,30,60.12291382307452,15,30.06145691153726,9,18.036874146922354,30,60.12291382307452,1.0,2.0040971274358172,6969.0,0.01396655288110021
11560710,대림2동,영등포구,0.5725396134125088,1.0,1.7466040367751994,12,20.959248441302393,35.0,61.13114128713198,2.0,3.4932080735503988,40,69.86416147100798,22,38.425288809054386,3,5.239812110325598,25,43.66510091937999,1.0,1.7466040367751994,1632.0,0.0028504577880171253
11560720,대림3동,영등포구,0.9216961953206126,0.0,0.0,37,40.14337933458597,31.0,33.633642145193654,3.0,3.25486859469616,32,34.71859834342571,29,31.46372974872955,10,10.849561982320534,70,75.94693387624373,3.0,3.25486859469616,10777.0,0.011692572948346839
11590510,노량진1동,동작구,1.6134456733624756,3.0,1.8593746597912393,49,30.369786109923574,38.0,23.552079024022365,4.0,2.479166213054986,21,13.015622618538675,32,19.833329704439887,22,13.635414171802422,138,85.53123435039701,2.0,1.239583106527493,128636.2,0.07972763020394594
11590520,노량진2동,동작구,0.6005684056686076,0.0,0.0,12,19.98107107655872,17.0,28.30651735845819,0.0,0.0,18,29.971606614838084,15,24.9763388456984,10,16.650892563798934,42,69.93374876795552,0.0,0.0,0.0,0.0
11590530,상도1동,동작구,1.4886482078375478,2.0,1.3435007609388494,44,29.55701674065469,61.0,40.97677320863491,3.0,2.015251141408274,23,15.450258750796769,41,27.541765599246414,18,12.091506848449646,166,111.51056315792451,0.0,0.0,0.0,0.0
11590540,상도2동,동작구,0.772864622993191,1.0,1.29388766188721,36,46.579955827939564,63.0,81.51492269889422,2.0,2.58777532377442,16,20.70220259019536,20,25.8777532377442,13,16.82053960453373,101,130.6826538506082,1.0,1.29388766188721,757.0,0.000979472960048618
11590550,상도3동,동작구,0.6371994638013275,0.0,0.0,33,51.789120792934426,39.0,61.20532457346796,1.0,1.5693672967555887,7,10.985571077289121,16,25.10987674808942,11,17.263040264311478,39,61.20532457346796,2.0,3.1387345935111775,359838.8,0.5647192448237749
11590560,상도4동,동작구,0.9395622481579522,0.0,0.0,36,38.31571571822876,23.0,24.47948504220171,2.0,2.128650873234931,18,19.15785785911438,14,14.900556112644518,14,14.900556112644518,68,72.37412968998765,0.0,0.0,0.0,0.0
11590605,흑석동,동작구,1.7083056712057967,1.0,0.5853753323280584,55,32.19564327804321,47.0,27.512640619418743,5.0,2.926876661640292,21,12.292881978889225,21,12.292881978889225,15,8.780629984920875,104,60.879034562118065,1.0,0.5853753323280584,384026.0,0.22479934737261492
11590620,사당1동,동작구,0.6351723646583479,3.0,4.723127401195526,12,18.892509604782106,65.0,102.33442702590307,1.0,1.5743758003985089,11,17.318133804383596,29,45.65689821155676,17,26.76438860677465,116,182.62759284622703,1.0,1.5743758003985089,1604.3,0.0025257710965793274
11590630,사당2동,동작구,2.7632012440023472,2.0,0.7237981686426532,26,9.409376192354491,69.0,24.971036818171534,3.0,1.0856972529639797,16,5.790385349141226,18,6.514183517783879,7,2.5332935902492864,101,36.551807516453984,0.0,0.0,0.0,0.0
11590640,사당3동,동작구,0.9076843354970889,1.0,1.1017045914451689,27,29.74602396901956,21.0,23.135796420348548,3.0,3.305113774335507,11,12.118750505896859,7,7.711932140116183,10,11.017045914451689,70,77.11932140116183,1.0,1.1017045914451689,1106402.2,1.0
11590650,사당4동,동작구,0.43614778551003597,0.0,0.0,4,9.171203277628376,37.0,84.83363031806249,1.0,2.292800819407094,18,41.27041474932769,9,20.635207374663846,13,29.806410652292225,32,73.369626221027,0.0,0.0,0.0,0.0
11590651,사당5동,동작구,0.6821985352666002,0.0,0.0,24,35.18037456738441,7.0,10.260942582153787,4.0,5.863395761230735,9,13.192640462769154,9,13.192640462769154,7,10.260942582153787,44,64.49735337353809,0.0,0.0,0.0,0.0
11590660,대방동,동작구,1.5449030757359645,3.0,1.9418693943442717,53,34.306359300082136,66.0,42.72112667557398,11.0,7.12018777926233,24,15.534955154754174,24,15.534955154754174,13,8.414767375491845,191,123.63235143991864,0.0,0.0,0.0,0.0
11590670,신대방1동,동작구,0.6752805020349957,0.0,0.0,14,20.73212532837867,32.0,47.38771503629411,2.0,2.961732189768382,25,37.021652372104775,13,19.251259233494483,9,13.327794853957718,66,97.7371622623566,1.0,1.480866094884191,241.0,0.00035688872886709
11590680,신대방2동,동작구,0.9770330522552875,2.0,2.047013655662309,26,26.61117752361002,34.0,34.79923214625926,3.0,3.0705204834934636,13,13.30558876180501,27,27.634684351441173,5,5.117534139155773,76,77.78651891516775,0.0,0.0,0.0,0.0
11620525,보라매동,관악구,0.7502252954654987,1.0,1.3329329283405746,25,33.32332320851437,24.0,31.99039028017379,3.0,3.998798785021724,14,18.661060996768047,13,17.32812806842747,20,26.658658566811493,68,90.63943912715908,0.0,0.0,0.0,0.0
11620545,청림동,관악구,0.2971549599035991,0.0,0.0,8,26.921980378841074,10.0,33.65247547355134,0.0,0.0,7,23.556732831485938,5,16.82623773677567,5,16.82623773677567,52,174.99287246246698,0.0,0.0,0.0,0.0
11620565,성현동,관악구,0.678222570712841,0.0,0.0,29,42.75882468718161,19.0,28.014402381256918,4.0,5.8977689223698775,11,16.218864536517163,11,16.218864536517163,8,11.795537844739755,91,134.1742429839147,0.0,0.0,0.0,0.0
11620575,행운동,관악구,0.7182348088787003,1.0,1.392302332939263,15,20.884534994088945,62.0,86.3227446422343,5.0,6.961511664696315,19,26.453744325845996,27,37.5921629893601,26,36.19986065642083,125,174.03779161740786,1.0,1.392302332939263,1602.0,0.002230468337368699
11620585,낙성대동,관악구,2.262817688195038,0.0,0.0,34,15.02551450670358,52.0,22.98019865731136,1.0,0.44192689725598766,13,5.74504966432784,16,7.070830356095803,9,3.9773420753038886,81,35.796078677735,1.0,0.44192689725598766,1655.0,0.0007313890149586595
11620595,청룡동,관악구,1.1956042288305664,2.0,1.6727943509837047,16,13.382354807869637,60.0,50.18383052951114,8.0,6.691177403934819,25,20.90992938729631,35,29.273901142214832,35,29.273901142214832,132,110.40442716492451,1.0,0.8363971754918523,1244.0,0.0010404780863118642
11620605,은천동,관악구,0.7762119960837546,0.0,0.0,40,51.53231359707552,34.0,43.802466557514194,2.0,2.5766156798537763,18,23.189541118683987,16,20.61292543883021,13,16.748001919049546,124,159.75017215093413,3.0,3.8649235197806644,90129.0,0.1161138973047705
11620615,중앙동,관악구,0.3847282155455552,0.0,0.0,12,31.19084983923955,64.0,166.35119914261094,1.0,2.599237486603296,8,20.793899892826367,16,41.587799785652734,15,38.98856229904944,72,187.1450990354373,2.0,5.198474973206592,2774.0,0.007210284787837543
11620625,인헌동,관악구,1.0890777263782885,0.0,0.0,24,22.03699462279119,42.0,38.564740589884586,2.0,1.8364162185659327,11,10.100289202112629,17,15.609537857810427,21,19.282370294942293,64,58.76531899410985,1.0,0.9182081092829664,1119.0,0.0010274748742876393
11620630,남현동,관악구,3.281023695857908,1.0,0.3047829252993323,9,2.7430463276939907,39.0,11.88653408667396,1.0,0.3047829252993323,10,3.0478292529933233,21,6.400441431285978,11,3.3526121782926555,69,21.03002184565393,2.0,0.6095658505986646,3066.0,0.0009344644489677528
11620645,서원동,관악구,0.6475323344111328,1.0,1.544324424987058,21,32.430812924728215,37.0,57.140003724521144,1.0,1.544324424987058,19,29.342164074754102,26,40.15243504966351,8,12.354595399896464,83,128.1789272739258,1.0,1.544324424987058,2324.0,0.003589009963669923
11620655,신원동,관악구,0.5449769506229695,0.0,0.0,10,18.349399894011817,16.0,29.359039830418908,1.0,1.8349399894011817,22,40.368679766826,10,18.349399894011817,13,23.854219862215363,47,86.24217950185555,0.0,0.0,0.0,0.0
11620665,서림동,관악구,0.9412519064053146,1.0,1.0624148468596968,21,22.310711784053634,17.0,18.061052396614844,2.0,2.1248296937193936,15,15.936222702895451,27,28.68520086521181,22,23.37312663091333,62,65.8697205053012,1.0,1.0624148468596968,1359.0,0.0014438217768823279
11620685,신사동,관악구,0.6410313942695115,1.0,1.5599859990313762,18,28.079747982564776,25.0,38.99964997578441,1.0,1.5599859990313762,27,42.11962197384716,31,48.359565969972664,30,46.79957997094129,67,104.51906193510221,2.0,3.1199719980627525,1865.0,0.0029093738881935173
11620695,신림동,관악구,0.5412398529008414,2.0,3.695219391699917,17,31.4093648294493,63.0,116.3994108385474,0.0,0.0,19,35.10458422114922,32,59.123510267198675,26,48.03785209209892,66,121.94223992609727,1.0,1.8476096958499586,952.0,0.0017589244304491607
11620715,난향동,관악구,0.8213965022060765,0.0,0.0,15,18.26158251187283,11.0,13.39182717537341,1.0,1.2174388341248554,12,14.609266009498265,4,4.869755336499422,6,7.304633004749133,25,30.435970853121386,0.0,0.0,0.0,0.0
11620725,조원동,관악구,0.6666065235997497,0.0,0.0,26,39.00351868685157,38.0,57.00514269616768,1.0,1.5001353341096757,25,37.50338335274189,22,33.00297735041287,15,22.502030011645136,55,82.50744337603217,1.0,1.5001353341096757,988.0,0.0014821337101003599
11620735,대학동,관악구,8.405182883603942,1.0,0.1189742107754381,51,6.067684749547343,26.0,3.0933294801613904,5.0,0.5948710538771905,28,3.3312779017122667,36,4.283071587915772,30,3.569226323263143,94,11.183575812891181,0.0,0.0,0.0,0.0
11620745,삼성동,관악구,2.604386314060806,0.0,0.0,30,11.519028432161994,14.0,5.375546601675597,5.0,1.919838072026999,10,3.839676144053998,6,2.3038056864323986,10,3.839676144053998,28,10.751093203351195,1.0,0.3839676144053998,1680.0,0.0006450655922010716
11620765,미성동,관악구,1.3594294543590524,0.0,0.0,36,26.481697806800412,29.0,21.332478788811443,7.0,5.149219017988969,23,16.91886248767804,21,15.447657053966907,16,11.769643469689072,80,58.84821734844536,2.0,1.471205433711134,91920.0,0.06761660173336372
11620775,난곡동,관악구,0.9723727651769443,0.0,0.0,22,22.625068068413686,36.0,37.022838657404215,4.0,4.1136487397115795,21,21.59665588348579,9,9.255709664351054,9,9.255709664351054,46,47.30696050668316,1.0,1.0284121849278949,1319.0,0.0013564756719198932
11650510,서초1동,서초구,1.3826850516740767,1.0,0.7232304990852809,34,24.58983696889955,87.0,62.92105342041944,2.0,1.4464609981705618,18,13.018148983535058,31,22.42014547164371,14,10.125226987193933,277,200.3348482466228,0.0,0.0,0.0,0.0
11500605,가양3동,강서구,0.4742276370497738,0.0,0.0,14,29.521687278910306,8.0,16.869535587948747,3.0,6.32607584548078,6,12.65215169096156,10,21.086919484935933,6,12.65215169096156,28,59.04337455782061,0.0,0.0,0.0,0.0
11500611,발산1동,강서구,2.887668740441044,0.0,0.0,58,20.085406330624146,114.0,39.478212442950905,15.0,5.194501637230382,41,14.198304475096378,37,12.81310403850161,16,5.540801746379074,428,148.21644671564025,0.0,0.0,0.0,0.0
11500615,우장산동,강서구,1.261587941364623,1.0,0.7926518375867869,28,22.194251452430034,62.0,49.14441393038079,2.0,1.5853036751735738,26,20.60894777725646,22,17.438340426909313,15,11.889777563801804,190,150.60384914148952,0.0,0.0,0.0,0.0
11500620,공항동,강서구,10.86176812028894,2.0,0.18413208400795772,56,5.155698352222816,33.0,3.0381793861313025,5.0,0.4603302100198943,20,1.8413208400795773,41,3.774707722163133,12,1.1047925040477464,65,5.984292730258626,0.0,0.0,0.0,0.0
11500630,방화1동,강서구,1.4756055591388162,2.0,1.3553757558132458,43,29.140578749984783,85.0,57.60346962206294,7.0,4.7438151453463595,34,23.041387848825178,32,21.686012093011932,20,13.553757558132457,201,136.21526345923118,0.0,0.0,0.0,0.0
11500640,방화2동,강서구,6.157540889986914,7.0,1.1368174609092812,33,5.359282315715183,18.0,2.9232448994810087,2.0,0.3248049888312232,25,4.06006236039029,30,4.872074832468348,16,2.5984399106497857,45,7.308112248702522,0.0,0.0,0.0,0.0
11500641,방화3동,강서구,2.558908436398335,1.0,0.3907916304373519,18,7.034249347872334,16.0,6.25266608699763,6.0,2.344749782624111,9,3.517124673936167,14,5.471082826122926,5,1.9539581521867593,37,14.45929032618202,0.0,0.0,0.0,0.0
11530510,신도림동,구로구,1.3927882938044032,3.0,2.1539526239163713,32,22.97549465510796,66.0,47.38695772616017,4.0,2.871936831888495,9,6.461857871749114,17,12.205731535526104,11,7.897826287693361,121,86.87608916462698,0.0,0.0,0.0,0.0
11530520,구로1동,구로구,1.008892430954155,0.0,0.0,21,20.81490489540035,14.0,13.876603263600234,3.0,2.97355784220005,9,8.920673526600151,9,8.920673526600151,6,5.9471156844001,45,44.60336763300075,0.0,0.0,0.0,0.0
11530530,구로2동,구로구,1.7033498818537807,1.0,0.5870784450413002,42,24.65729469173461,57.0,33.46347136735411,2.0,1.1741568900826005,71,41.682569597932314,32,18.786510241321608,9,5.283706005371702,75,44.03088337809751,0.0,0.0,0.0,0.0
11530540,구로3동,구로구,1.0401195206080218,2.0,1.9228559414314825,47,45.187114623639836,76.0,73.06852577439633,3.0,2.8842839121472235,27,25.958555209325013,60,57.685678242944476,15,14.421419560736119,235,225.9355731181992,0.0,0.0,0.0,0.0
11530550,구로4동,구로구,0.5245068112097008,1.0,1.906552934353019,13,24.78518814658925,58.0,110.5800701924751,2.0,3.813105868706038,45,85.79488204588586,19,36.224505752707366,5,9.532764671765095,41,78.16867030847378,0.0,0.0,0.0,0.0
11530560,구로5동,구로구,1.0124730246226934,1.0,0.9876806351188057,34,33.581141594039394,54.0,53.334754296415504,4.0,3.9507225404752226,28,27.65505778332656,28,27.65505778332656,17,16.790570797019697,87,85.9282152553361,0.0,0.0,0.0,0.0
11530595,가리봉동,구로구,0.4109955170072183,0.0,0.0,10,24.331165636106853,10.0,24.331165636106853,1.0,2.4331165636106853,41,99.7577791080381,8,19.464932508885482,5,12.165582818053426,19,46.229214708603024,0.0,0.0,0.0,0.0
11530720,고척1동,구로구,1.1512383784515807,0.0,0.0,31,26.927524811755404,46.0,39.95697230131447,5.0,4.3431491631863555,32,27.796154644392676,22,19.109856318019965,7,6.080408828460898,82,71.22764627625624,0.0,0.0,0.0,0.0
11530730,고척2동,구로구,1.025571840465723,0.0,0.0,36,35.10236784938637,34.0,33.15223630219823,4.0,3.900263094376263,24,23.401578566257577,20,19.501315471881316,13,12.675855056722854,97,94.58138003862437,0.0,0.0,0.0,0.0
11530740,개봉1동,구로구,1.3203187753507595,1.0,0.7573928498701666,47,35.59746394389783,42.0,31.810499694546998,3.0,2.2721785496105,28,21.206999796364666,19,14.390464147533166,9,6.8165356488315,75,56.8044637402625,0.0,0.0,0.0,0.0
11530750,개봉2동,구로구,0.7825237413928426,0.0,0.0,25,31.947912475475295,46.0,58.78415895487454,0.0,0.0,16,20.446663984304188,17,21.7245804833232,10,12.779164990190118,75,95.84373742642588,0.0,0.0,0.0,0.0
11530760,개봉3동,구로구,0.8284180883723136,0.0,0.0,22,26.556638862420158,19.0,22.935279017544683,4.0,4.828479793167301,22,26.556638862420158,9,10.864079534626429,10,12.071199482918255,52,62.770237311174924,0.0,0.0,0.0,0.0
11500530,등촌2동,강서구,0.9106656717483169,0.0,0.0,9,9.882880489742842,20.0,21.96195664387298,6.0,6.588586993161894,10,10.98097832193649,15,16.471467482904735,6,6.588586993161894,45,49.414402448714206,0.0,0.0,0.0,0.0
11500535,등촌3동,강서구,1.0603624412724184,0.0,0.0,49,46.21061449630446,68.0,64.12901603568781,12.0,11.316885182768438,26,24.519917895998283,27,25.462991661228987,11,10.373811417537734,176,165.98098268060374,0.0,0.0,0.0,0.0
11500540,화곡1동,강서구,1.1977458394652736,1.0,0.834901668659892,27,22.542345053817083,83.0,69.29683849877104,3.0,2.504705005979676,34,28.386656734436325,53,44.24978843897428,31,25.881951728456652,94,78.48075685402985,0.0,0.0,0.0,0.0
11650540,잠원동,서초구,1.7568666561556119,1.0,0.5691951614519266,20,11.383903229038532,155.0,88.22525002504862,2.0,1.1383903229038532,13,7.399537098875046,28,15.937464520653947,17,9.676317744682754,205,116.68500809764497,0.0,0.0,0.0,0.0
11650550,반포본동,서초구,0.9725357589241406,1.0,1.0282398264781971,3,3.0847194794345913,1.0,1.0282398264781971,3.0,3.0847194794345913,6,6.169438958869183,2,2.0564796529563942,2,2.0564796529563942,26,26.734235488433125,0.0,0.0,0.0,0.0
11650560,반포1동,서초구,0.992367649373033,2.0,2.0153821028563135,19,19.14612997713498,149.0,150.14596666279536,4.0,4.030764205712627,17,17.130747874278665,20,20.153821028563133,21,21.16151207999129,147,148.13058455993902,0.0,0.0,0.0,0.0
11650570,반포2동,서초구,1.3960310103239386,1.0,0.7163164661850581,17,12.177379925145987,38.0,27.220025715032207,3.0,2.148949398555174,10,7.163164661850581,9,6.446848195665522,8,5.7305317294804645,68,48.70951970058395,0.0,0.0,0.0,0.0
11650580,반포3동,서초구,1.2517083107610638,1.0,0.7989081732564194,16,12.78253077210271,66.0,52.72793943492368,2.0,1.5978163465128388,17,13.58143894535913,10,7.989081732564194,3,2.396724519769258,168,134.21657310707846,0.0,0.0,0.0,0.0
11650581,반포4동,서초구,1.4271407746170548,2.0,1.401403446367553,32,22.42245514188085,58.0,40.64069994465904,1.0,0.7007017231837765,15,10.510525847756648,34,23.823858588248402,9,6.306315508653989,348,243.84419966795426,0.0,0.0,0.0,0.0
11650590,방배본동,서초구,0.677509947348644,0.0,0.0,21,30.995854868524138,36.0,53.135751203184235,1.0,1.4759930889773398,10,14.759930889773399,18,26.567875601592117,9,13.283937800796059,173,255.34680439307982,0.0,0.0,0.0,0.0
11710562,방이2동,송파구,0.7698409242866919,1.0,1.2989696552265853,13,16.886605517945608,76.0,98.72169379722048,1.0,1.2989696552265853,20,25.979393104531706,42,54.55672551951658,30,38.96908965679756,174,226.02072000942584,1.0,1.2989696552265853,6930.1,0.00900198960768576
11710566,오륜동,송파구,3.0850879458353258,3.0,0.9724196044556237,23,7.455216967493115,15.0,4.8620980222781185,8.0,2.5931189452149965,9,2.917258813366871,8,2.5931189452149965,4,1.2965594726074983,23,7.455216967493115,1.0,0.32413986815187457,1447122.3,0.46907003152163745
11710570,오금동,송파구,1.6488679951044887,2.0,1.2129533752477621,38,23.04611412970748,39.0,23.65259081733136,9.0,5.45829018861493,20,12.12953375247762,31,18.800777316340312,23,13.948963815349265,202,122.50829090002397,5.0,3.032383438119405,257428.5,0.15612438397998427
11710580,송파1동,송파구,0.6869252422210542,0.0,0.0,14,20.380674838405145,49.0,71.33236193441802,1.0,1.4557624884575104,13,18.924912349947636,30,43.672874653725316,13,18.924912349947636,143,208.174035849424,2.0,2.911524976915021,8090.9,0.01177842871786087
11680521,논현1동,강남구,1.2587441756532312,4.0,3.1777704138525062,18,14.299966862336277,332.0,263.75494434975803,1.0,0.7944426034631266,21,16.68329467272566,62,49.25544141471384,31,24.62772070735692,276,219.26615855582293,0.0,0.0,0.0,0.0
11680531,논현2동,강남구,1.4585239065677793,3.0,2.0568740673299253,26,17.826241916859352,199.0,136.43931313288505,2.0,1.3712493782199502,22,15.083743160419452,58,39.766231968378555,26,17.826241916859352,278,190.60366357257305,0.0,0.0,0.0,0.0
11680545,압구정동,강남구,2.345056586246033,1.0,0.42642894242513785,20,8.528578848502757,352.0,150.10298773364852,5.0,2.1321447121256893,26,11.087152503053584,38,16.204299812155238,16,6.8228630788022055,442,188.48159255191095,0.0,0.0,0.0,0.0
11680565,청담동,강남구,2.3292167549269602,1.0,0.42932887112576096,25,10.733221778144024,313.0,134.37993666236318,4.0,1.7173154845030438,23,9.8745640358925,56,24.04241678304261,19,8.157248551389458,363,155.8463802186512,0.0,0.0,0.0,0.0
11680580,삼성1동,강남구,1.9446285318456475,2.0,1.0284740593113686,29,14.912873860014843,94.0,48.33828078763432,3.0,1.5427110889670528,18,9.256266533802316,41,21.083718215883053,9,4.628133266901158,143,73.53589524076285,0.0,0.0,0.0,0.0
11680590,삼성2동,강남구,1.2422713968970556,3.0,2.4149312360353763,21,16.904518652247635,111.0,89.35245573330893,2.0,1.6099541573569176,21,16.904518652247635,39,31.39410606845989,22,17.709495730926093,323,260.0075964131422,0.0,0.0,0.0,0.0
11680600,대치1동,강남구,0.809822813354973,2.0,2.4696760414964154,18,22.227084373467736,112.0,138.30185832379925,5.0,6.174190103741038,13,16.0528942697267,19,23.461922394215946,3,3.704514062244623,314,387.7391385149372,0.0,0.0,0.0,0.0
11680610,대치2동,강남구,1.8373668115713315,2.0,1.0885142734724718,30,16.32771410208708,86.0,46.80611375931629,5.0,2.7212856836811796,22,11.97365700819719,46,25.035828289866853,11,5.986828504098595,504,274.3055969150629,0.0,0.0,0.0,0.0
11710520,풍납2동,송파구,2.564554116296337,1.0,0.3899313310043051,24,9.358351944103322,25.0,9.748283275107626,6.0,2.3395879860258306,17,6.628832627073186,15,5.848969965064576,17,6.628832627073186,73,28.46498716331427,0.0,0.0,0.0,0.0
11710531,거여1동,송파구,0.5223083932723208,1.0,1.9145776956309042,8,15.316621565047233,17.0,32.54782082572537,2.0,3.8291553912618084,9,17.231199260678135,9,17.231199260678135,10,19.145776956309042,41,78.49768552086707,1.0,1.9145776956309042,16185.1,0.030987631461555747
11710532,거여2동,송파구,0.6129006239272932,0.0,0.0,11,17.947444611028658,57.0,93.00039480260304,2.0,3.263171747459756,11,17.947444611028658,10,16.31585873729878,8,13.052686989839025,70,114.21101116109146,1.0,1.631585873729878,1500.4,0.0024480314449443095
11710540,마천1동,송파구,0.5752581830203233,1.0,1.7383498914341755,13,22.59854858864428,16.0,27.813598262946808,1.0,1.7383498914341755,14,24.336898480078457,17,29.551948154380984,1,1.7383498914341755,30,52.150496743025265,0.0,0.0,0.0,0.0
11710550,마천2동,송파구,0.8906879028587039,0.0,0.0,15,16.84091582680848,40.0,44.90910887148928,1.0,1.122727721787232,15,16.84091582680848,16,17.963643548595712,6,6.736366330723392,46,51.64547520221267,2.0,2.245455443574464,193382.5,0.21711589365851938
11710561,방이1동,송파구,0.6092593380708873,1.0,1.6413371737006517,12,19.696046084407822,36.0,59.08813825322346,4.0,6.565348694802607,10,16.413371737006518,14,22.978720431809123,11,18.05470891070717,212,347.9634808245382,2.0,3.2826743474013034,31794.0,0.052184674100638526
11650520,서초2동,서초구,1.2309244243638104,0.0,0.0,44,35.745492679407114,159.0,129.17121218240297,3.0,2.4371926826868484,18,14.623156096121091,37,30.058709753137798,16,12.99836097432986,573,465.5038023931881,0.0,0.0,0.0,0.0
11650530,서초3동,서초구,2.998571718697041,2.0,0.6669842136939292,73,24.34492379982842,125.0,41.68651335587058,5.0,1.6674605342348232,38,12.672700060184656,72,24.011431692981454,22,7.336826350633222,388,129.39493745662227,0.0,0.0,0.0,0.0
11650531,서초4동,서초구,0.879773157039681,2.0,2.2733132785384504,42,47.739578849307456,335.0,380.7799741551904,3.0,3.4099699178076754,9,10.229909753423026,33,37.509669095884426,17,19.323162867576826,321,364.86678120542126,0.0,0.0,0.0,0.0
11680630,대치4동,강남구,0.7010813497244544,0.0,0.0,14,19.969151947206147,96.0,136.931327637985,1.0,1.4263679962290103,17,24.248255935893177,50,71.31839981145052,20,28.527359924580207,977,1393.561532315743,0.0,0.0,0.0,0.0
11680640,역삼1동,강남구,2.362133068704057,4.0,1.6933847008858522,47,19.897270235408765,522.0,220.9867034656037,1.0,0.42334617522146306,55,23.284039637180467,150,63.50192628321946,47,19.897270235408765,961,406.835674387826,0.0,0.0,0.0,0.0
11680650,역삼2동,강남구,1.135029217530308,2.0,1.762069177700789,26,22.90689931011026,126.0,111.01035819514972,4.0,3.524138355401578,15,13.215518832755919,46,40.52759108711815,21,18.501726365858286,290,255.50003076661443,0.0,0.0,0.0,0.0
11680655,도곡1동,강남구,1.050609238672937,3.0,2.8554860261741175,22,20.940230858610196,90.0,85.66458078522352,4.0,3.80731470156549,8,7.61462940313098,21,19.98840218321882,6,5.710972052348235,153,145.62978733487998,0.0,0.0,0.0,0.0
11680656,도곡2동,강남구,0.9907629628463881,2.0,2.018646310974473,20,20.18646310974473,59.0,59.55006617374695,5.0,5.046615777436182,10,10.093231554872364,18,18.167816798770254,7,7.0652620884106545,114,115.06283972554495,0.0,0.0,0.0,0.0
11680660,개포1동,강남구,1.449951604690209,0.0,0.0,15,10.345172867479837,3.0,2.0690345734959674,4.0,2.75871276466129,3,2.0690345734959674,1,0.6896781911653225,3,2.0690345734959674,15,10.345172867479837,0.0,0.0,0.0,0.0
11680670,개포2동,강남구,2.243338408723035,3.0,1.3372926654020407,34,15.155983541223128,60.0,26.745853308040815,8.0,3.5661137744054416,16,7.132227548810883,13,5.7949348834088426,14,6.240699105209523,156,69.53921860090611,0.0,0.0,0.0,0.0
11680690,개포4동,강남구,1.6654609133070228,0.0,0.0,28,16.812162793062367,38.0,22.8165066477275,3.0,1.8013031563995394,17,10.207384552930723,20,12.008687709330264,16,9.60695016746421,129,77.4560357251802,0.0,0.0,0.0,0.0
11680700,세곡동,강남구,6.3677718918981006,0.0,0.0,66,10.364692881661433,39.0,6.124591248254483,6.0,0.9422448074237667,16,2.512652819796711,24,3.768979229695067,12,1.8844896148475334,142,22.29979377569581,0.0,0.0,0.0,0.0
11710590,송파2동,송파구,0.6310226759006301,0.0,0.0,12,19.016749252113552,35.0,55.46551865199786,6.0,9.508374626056776,13,20.601478356456347,13,20.601478356456347,8,12.677832834742368,106,167.98128506033638,0.0,0.0,0.0,0.0
11710600,석촌동,송파구,0.9469143965495583,2.0,2.1121233421814667,19,20.065171750723934,92.0,97.15767374034748,1.0,1.0560616710907333,25,26.401541777268335,39,41.186405172538606,27,28.513665119449804,215,227.05325928450767,3.0,3.1681850132722005,48361.4,0.05107262090028739
11710632,가락2동,송파구,0.932311351839146,0.0,0.0,23,24.669870161538316,72.0,77.22741963611995,3.0,3.217809151504998,19,20.379457959531653,20,21.45206101003332,19,20.379457959531653,177,189.85073993879487,4.0,4.290412202006664,26027.9,0.027917604938152315
11710641,문정1동,송파구,0.612546174656245,0.0,0.0,17,27.753009819284625,24.0,39.18071974487241,2.0,3.2650599787393673,16,26.120479829914938,17,27.753009819284625,10,16.325299893696837,89,145.29516905390184,0.0,0.0,0.0,0.0
11710642,문정2동,송파구,2.2420326736680325,2.0,0.8920476599156515,33,14.718786388608251,111.0,49.50864512531866,1.0,0.44602382995782575,45,20.07107234810216,63,28.099501287343024,18,8.028428939240865,228,101.69343323038427,2.0,0.8920476599156515,46844.8,0.02089389710960836
11710646,장지동,송파구,1.2783549169047494,1.0,0.7822553711619277,43,33.63698095996289,35.0,27.37893799066747,5.0,3.9112768558096382,14,10.951575196266987,21,16.42736279440048,14,10.951575196266987,108,84.48358008548819,3.0,2.346766113485783,25579.4,0.020009623041099416
11710647,위례동,송파구,2.5373723638053183,1.0,0.3941084935993753,55,21.67596714796564,27.0,10.640929327183132,6.0,2.3646509615962517,14,5.517518910391254,18,7.093952884788755,5,1.9705424679968764,184,72.51596282228505,0.0,0.0,0.0,0.0
11710650,잠실본동,송파구,1.0289969830335388,1.0,0.9718201476664643,13,12.633661919664037,133.0,129.25207963963976,1.0,0.9718201476664643,20,19.43640295332929,48,46.64736708799029,16,15.549122362663429,244,237.1241160306173,2.0,1.9436402953329286,8280.6,0.008047253914766924
11710670,잠실2동,송파구,2.6868503472615277,1.0,0.3721829915161493,12,4.466195898193792,62.0,23.075345474001256,6.0,2.233097949096896,12,4.466195898193792,8,2.9774639321291945,9,3.3496469236453437,96,35.72956718555034,0.0,0.0,0.0,0.0
11710680,잠실3동,송파구,1.5426426205067743,0.0,0.0,28,18.150671858658818,50.0,32.41191403331931,4.0,2.5929531226655453,6,3.889429683998318,18,11.668289051994954,10,6.482382806663863,71,46.02491792731343,0.0,0.0,0.0,0.0
11710690,잠실4동,송파구,0.7802035766244155,2.0,2.563433519047793,13,16.662317873810654,52.0,66.64927149524262,3.0,3.8451502785716896,5,6.408583797619483,6,7.690300557143379,7,8.972017316667277,37,47.423520102384174,0.0,0.0,0.0,0.0
11710710,잠실6동,송파구,1.5080013417270606,2.0,1.3262587669248826,15,9.94694075193662,99.0,65.64980896278169,2.0,1.3262587669248826,13,8.620681985011737,24,15.915105203098593,10,6.6312938346244135,94,62.33416204546948,2.0,1.3262587669248826,298513.1,0.1979528079584621
11710720,잠실7동,송파구,0.7234863604358945,2.0,2.764392128685075,4,5.52878425737015,5.0,6.910980321712688,4.0,5.52878425737015,6,8.293176386055226,4,5.52878425737015,4,5.52878425737015,13,17.96854883645299,1.0,1.3821960643425375,66027.8,0.0912633652971962
11740515,강일동,강동구,3.6475198387246084,1.0,0.2741588926764165,68,18.642804701996322,48.0,13.159626848467992,8.0,2.193271141411332,28,7.676448994939663,27,7.402290102263246,10,2.741588926764165,151,41.397992794138894,0.0,0.0,0.0,0.0
11740520,상일동,강동구,1.8136230721484186,1.0,0.551382486999021,41,22.60668196695986,23.0,12.681797200977485,10.0,5.51382486999021,23,12.681797200977485,15,8.270737304985316,7,3.8596774089931474,76,41.9050690119256,3.0,1.6541474609970632,660913.6,0.3644161844594762
11740530,명일1동,강동구,0.6349420714117191,1.0,1.5749468258995936,24,37.798723821590244,84.0,132.29553337556584,1.0,1.5749468258995936,21,33.07388334389146,13,20.474308736694717,10,15.749468258995934,147,231.51718340724022,5.0,7.874734129497967,30533.9,0.0480892688873356
11740540,명일2동,강동구,0.9143286852871731,1.0,1.0936985966768822,13,14.218081756799469,56.0,61.247121413905404,3.0,3.2810957900306468,14,15.311780353476351,15,16.405478950153235,7,7.6558901767381755,264,288.73642952269694,1.0,1.0936985966768822,2010.4,0.0021987716587592043
11740550,고덕1동,강동구,1.5184951043805959,0.0,0.0,29,19.09785544671169,14.0,9.219654353584954,5.0,3.292733697708912,10,6.585467395417824,8,5.2683739163342596,5,3.292733697708912,88,57.952113079676856,3.0,1.9756402186253472,32455.8,0.02137366126922018
11740560,고덕2동,강동구,2.2067860032235402,0.0,0.0,37,16.766464870609397,43.0,19.48535106584335,5.0,2.265738496028297,14,6.344067788879231,12,5.437772390467912,12,5.437772390467912,94,42.59588372533198,3.0,1.359443097616978,90867.70000000001,0.041176489187110095
11740570,암사1동,강동구,0.7354796586854137,0.0,0.0,13,17.675539828302014,43.0,58.46524712438358,1.0,1.3596569098693856,24,32.631765836865256,24,32.631765836865256,15,20.394853648040787,71,96.53564060072638,3.0,4.078970729608157,4924.8,0.0066960383497247505
11740580,암사2동,강동구,2.1743294986521415,1.0,0.4599118949634341,6,2.7594713697806044,32.0,14.717180638829891,2.0,0.9198237899268682,12,5.518942739561209,8,3.679295159707473,10,4.599118949634341,62,28.514537487732913,1.0,0.4599118949634341,1637.7,0.000753197710381616
11740590,암사3동,강동구,1.7993678238006787,1.0,0.5557507402170669,18,10.003513323907205,16.0,8.892011843473071,3.0,1.6672522206512006,11,6.1132581423877355,4,2.2230029608682678,4,2.2230029608682678,100,55.57507402170669,1.0,0.5557507402170669,1610.3,0.0008949254169715428
11740600,천호1동,강동구,0.6689982747248591,1.0,1.4947721657597293,19,28.400671149434856,35.0,52.317025801590525,5.0,7.473860828798647,31,46.33793713855161,19,28.400671149434856,14,20.92681032063621,71,106.12882376894079,2.0,2.9895443315194585,3400.0,0.00508222536358308
11740610,천호2동,강동구,1.8508532755365634,0.0,0.0,25,13.507283548855316,124.0,66.99612640232237,2.0,1.0805826839084254,31,16.749031600580594,47,25.393693071847995,21,11.346118181038467,123,66.45583506036816,3.0,1.620874025862638,4911.7,0.0026537489842765063
11740620,천호3동,강동구,0.5618719863770429,0.0,0.0,12,21.357177953248993,50.0,88.98824147187081,1.0,1.779764829437416,23,40.93459107706057,23,40.93459107706057,15,26.69647244156124,56,99.6668304484953,2.0,3.559529658874832,2642.0,0.0047021386793736535
11710610,삼전동,송파구,0.9533381089179445,1.0,1.048945794409727,14,14.685241121736176,52.0,54.545181309305796,3.0,3.1468373832291805,19,19.92997009378481,31,32.517319626701536,24,25.174699065833444,171,179.3697308440633,2.0,2.097891588819454,8255.6,0.008659676900328941
11710620,가락본동,송파구,1.0147382784217291,2.0,1.9709515670490871,26,25.622370371638134,75.0,73.91068376434077,4.0,3.9419031340981743,21,20.694991454015415,37,36.46260399040811,13,12.811185185819067,126,124.16994872409249,5.0,4.927378917622718,53069.4,0.05229860854617742
11710631,가락1동,송파구,1.3932278460776994,3.0,2.1532730690430744,14,10.048607655534347,34.0,24.403761449154842,3.0,2.1532730690430744,18,12.919638414258447,11,7.8953345864912725,7,5.024303827767174,39,27.992549897559968,0.0,0.0,0.0,0.0
11680720,일원본동,강남구,2.354624601172897,1.0,0.42469614880515355,27,11.466796017739146,18.0,7.644530678492764,5.0,2.123480744025768,10,4.246961488051536,14,5.94574608327215,9,3.822265339246382,63,26.755857374724673,0.0,0.0,0.0,0.0
11680730,일원1동,강남구,0.9534712851478117,0.0,0.0,15,15.73198924147425,34.0,35.6591756140083,3.0,3.1463978482948503,8,8.3903942621196,15,15.73198924147425,12,12.585591393179401,70,73.4159497935465,0.0,0.0,0.0,0.0
11680740,일원2동,강남구,1.3002900289438823,1.0,0.7690591927496491,12,9.228710312995789,20.0,15.381183854992981,2.0,1.5381183854992981,3,2.307177578248947,5,3.8452959637482453,5,3.8452959637482453,35,26.917071746237717,0.0,0.0,0.0,0.0
11680750,수서동,강남구,1.629403263035293,2.0,1.2274432274514722,20,12.274432274514721,39.0,23.935142935303706,4.0,2.4548864549029443,6,3.6823296823544163,17,10.433267433337512,7,4.296051296080153,40,24.548864549029442,0.0,0.0,0.0,0.0
11710510,풍납1동,송파구,1.0752935548446574,0.0,0.0,8,7.439828839256571,15.0,13.949679073606072,1.0,0.9299786049070714,14,13.019700468699,7,6.5098502343495,4,3.7199144196282856,24,22.319486517769715,0.0,0.0,0.0,0.0
11740690,둔촌1동,강동구,0.9121777126996483,1.0,1.0962776069593239,14,15.347886497430533,39.0,42.754826671413625,4.0,4.385110427837295,5,5.481388034796619,3,3.288832820877971,2,2.1925552139186477,25,27.406940173983095,0.0,0.0,0.0,0.0
11740700,둔촌2동,강동구,1.5504550004680269,1.0,0.6449719596493518,30,19.349158789480555,27.0,17.4142429105325,5.0,3.2248597982467593,14,9.029607435090925,21,13.544411152636389,12,7.739663515792222,88,56.757532449142964,1.0,0.6449719596493518,632733.0,0.40809504294481336
11740640,성내1동,강동구,0.6636752622938419,0.0,0.0,21,31.641980940224137,35.0,52.73663490037356,3.0,4.520282991460591,11,16.574370968688832,14,21.094653960149426,14,21.094653960149426,118,177.7977976641166,1.0,1.5067609971535303,8929.0,0.013453868943583872
11740650,성내2동,강동구,0.6251472352245134,3.0,4.7988694997948595,18,28.793216998769157,68.0,108.77437532868348,0.0,0.0,17,27.19359383217087,24,38.390955998358876,11,17.59585483258115,97,155.16344716003377,1.0,1.5996231665982865,2290.3,0.0036636169384600555
11740660,성내3동,강동구,0.64735638814949,1.0,1.5447441599496137,15,23.171162399244203,108.0,166.83236927455826,0.0,0.0,16,24.71590655919382,26,40.163348158689956,16,24.71590655919382,171,264.1512513513839,3.0,4.634232479848841,3622.2,0.00559537229616949
11740685,길동,강동구,1.6316163062939222,1.0,0.6128891922338132,37,22.67690011265109,123.0,75.38537064475904,4.0,2.451556768935253,47,28.805792034989224,39,23.902678497118718,18,11.032005460208639,144,88.25604368166911,3.0,1.8386675767014398,2987.2,0.0018308225950408469
