district_name,legal_dong,admin_code,admin_name
중구,남대문로4가,11140520,소공동
중구,남산동2가,11140550,명동
중구,남산동3가,11140550,명동
서대문구,남가좌동,11410700,남가좌2동
영등포구,영등포동,11560535,영등포동
강북구,수유동,11305615,수유1동
성동구,금호동1가,11200590,금호1가동
성동구,금호동2가,11200615,금호2·3가동
성동구,금호동3가,11200615,금호2·3가동
성동구,금호동4가,11200620,금호4가동
성동구,옥수동,11200645,옥수동
성동구,성수동1가,11200650,성수1가1동
성동구,성수동1가,11200660,성수1가2동
성동구,성수동2가,11200690,성수2가3동
성동구,성수동2가,11200670,성수2가1동
성동구,송정동,11200720,송정동
중구,봉래동1가,11140520,소공동
중구,봉래동2가,11140540,회현동
용산구,원효로1가,11170560,원효로1동
용산구,원효로2가,11170560,원효로1동
용산구,신창동,11170570,원효로2동
중구,회현동1가,11140540,회현동
중구,회현동1가,11140550,명동
종로구,가회동,11110600,가회동
종로구,재동,11110600,가회동
종로구,계동,11110600,가회동
종로구,원서동,11110600,가회동
종로구,훈정동,11110615,종로1·2·3·4가동
용산구,청암동,11170570,원효로2동
용산구,원효로3가,11170570,원효로2동
성북구,길음동,11290660,길음1동
종로구,숭인동,11110710,숭인2동
종로구,교남동,11110580,교남동
종로구,평동,11110580,교남동
종로구,송월동,11110580,교남동
종로구,홍파동,11110580,교남동
종로구,교북동,11110580,교남동
종로구,행촌동,11110580,교남동
종로구,구기동,11110560,평창동
서대문구,홍제동,11410640,홍제3동
강동구,암사동,11740570,암사1동
용산구,이촌동,11170640,이촌2동
용산구,이태원동,11170650,이태원1동
종로구,창신동,11110690,창신3동
종로구,창신동,11110670,창신1동
종로구,창신동,11110680,창신2동
동대문구,휘경동,11230730,휘경2동
도봉구,도봉동,11320522,도봉2동
도봉구,도봉동,11320521,도봉1동
서대문구,신촌동,11410585,신촌동
서대문구,봉원동,11410585,신촌동
서대문구,창천동,11410585,신촌동
동대문구,전농동,11230560,전농1동
서대문구,홍은동,11410660,홍은1동
성북구,안암동2가,11290600,안암동
성북구,안암동3가,11290600,안암동
노원구,월계동,11350570,월계2동
노원구,월계동,11350580,월계3동
노원구,월계동,11350560,월계1동
강동구,천호동,11740610,천호2동
광진구,광장동,11215810,광장동
광진구,자양동,11215847,자양4동
광진구,자양동,11215840,자양3동
강서구,화곡동,11500540,화곡1동
서초구,반포동,11650581,반포4동
서초구,서초동,11650530,서초3동
서초구,서초동,11650531,서초4동
서초구,서초동,11650510,서초1동
서초구,서초동,11650520,서초2동
강서구,개화동,11500640,방화2동
강서구,과해동,11500620,공항동
강서구,오곡동,11500620,공항동
강서구,오쇠동,11500620,공항동
구로구,신도림동,11530510,신도림동
구로구,구로동,11530530,구로2동
구로구,구로동,11530520,구로1동
구로구,구로동,11530540,구로3동
은평구,갈현동,11380552,갈현2동
마포구,합정동,11440680,합정동
마포구,망원동,11440690,망원1동
마포구,망원동,11440700,망원2동
마포구,연남동,11440710,연남동
마포구,당인동,11440655,서강동
마포구,서교동,11440660,서교동
마포구,동교동,11440660,서교동
종로구,중학동,11110615,종로1·2·3·4가동
종로구,종로1가,11110615,종로1·2·3·4가동
종로구,공평동,11110615,종로1·2·3·4가동
종로구,관훈동,11110615,종로1·2·3·4가동
영등포구,영등포동,11560515,영등포본동
중랑구,면목동,11260565,면목본동
중랑구,면목동,11260575,면목3·8동
강북구,미아동,11305535,미아동
서초구,잠원동,11650580,반포3동
서초구,잠원동,11650540,잠원동
서초구,반포동,11650570,반포2동
서초구,반포동,11650560,반포1동
종로구,내자동,11110530,사직동
종로구,사직동,11110530,사직동
종로구,관수동,11110615,종로1·2·3·4가동
중랑구,면목동,11260540,면목4동
중랑구,면목동,11260550,면목5동
중랑구,면목동,11260520,면목2동
성동구,상왕십리동,11200535,왕십리도선동
성동구,하왕십리동,11200520,왕십리2동
성동구,하왕십리동,11200535,왕십리도선동
성동구,홍익동,11200535,왕십리도선동
중구,충무로5가,11140570,필동
중구,충무로1가,11140550,명동
중구,충무로1가,11140540,회현동
광진구,군자동,11215730,군자동
동대문구,신설동,11230536,용신동
동대문구,용두동,11230536,용신동
동대문구,제기동,11230545,제기동
광진구,자양동,11215820,자양1동
광진구,화양동,11215710,화양동
중구,회현동2가,11140540,회현동
송파구,가락동,11710632,가락2동
서대문구,남가좌동,11410690,남가좌1동
종로구,청운동,11110515,청운효자동
종로구,신교동,11110515,청운효자동
종로구,궁정동,11110515,청운효자동
종로구,효자동,11110515,청운효자동
종로구,창성동,11110515,청운효자동
종로구,통의동,11110530,사직동
종로구,적선동,11110530,사직동
종로구,통인동,11110515,청운효자동
종로구,누상동,11110515,청운효자동
마포구,노고산동,11440660,서교동
마포구,신수동,11440630,신수동
마포구,신수동,11440600,대흥동
마포구,현석동,11440630,신수동
마포구,구수동,11440630,신수동
마포구,창전동,11440655,서강동
마포구,상수동,11440655,서강동
마포구,하중동,11440655,서강동
종로구,누하동,11110515,청운효자동
종로구,옥인동,11110515,청운효자동
종로구,체부동,11110530,사직동
종로구,필운동,11110530,사직동
송파구,문정동,11710646,장지동
영등포구,양평동1가,11560610,양평1동
영등포구,양평동2가,11560610,양평1동
영등포구,양평동3가,11560610,양평1동
중구,명동1가,11140550,명동
중구,명동2가,11140550,명동
중구,남산동1가,11140550,명동
영등포구,양평동6가,11560620,양평2동
용산구,원효로4가,11170570,원효로2동
용산구,효창동,11170580,효창동
용산구,도원동,11170590,용문동
용산구,용문동,11170590,용문동
용산구,문배동,11170560,원효로1동
용산구,신계동,11170560,원효로1동
용산구,한강로1가,11170625,한강로동
용산구,한강로2가,11170625,한강로동
용산구,용산동3가,11170625,한강로동
송파구,문정동,11710642,문정2동
송파구,장지동,11710647,위례동
송파구,장지동,11710646,장지동
송파구,신천동,11710710,잠실6동
송파구,신천동,11710690,잠실4동
송파구,풍납동,11710520,풍납2동
성북구,보문동6가,11290610,보문동
송파구,문정동,11710641,문정1동
양천구,목동,11470550,목5동
양천구,목동,11470530,목3동
양천구,신월동,11470580,신월3동
양천구,신월동,11470590,신월4동
양천구,신월동,11470600,신월5동
영등포구,양평동3가,11560620,양평2동
양천구,목동,11470510,목1동
강남구,도곡동,11680656,도곡2동
강남구,도곡동,11680655,도곡1동
송파구,잠실동,11710650,잠실본동
양천구,목동,11470520,목2동
양천구,신정동,11470620,신정1동
강남구,일원동,11680720,일원본동
서대문구,영천동,11410520,천연동
서대문구,현저동,11410520,천연동
서대문구,북아현동,11410555,북아현동
서대문구,북아현동,11410565,충현동
서대문구,홍제동,11410655,홍제2동
서대문구,홍제동,11410620,홍제1동
성북구,돈암동,11290555,삼선동
성북구,돈암동,11290620,정릉1동
성동구,송정동,11200790,용답동
성동구,용답동,11200790,용답동
광진구,중곡동,11215750,중곡2동
광진구,중곡동,11215770,중곡4동
광진구,중곡동,11215760,중곡3동
광진구,중곡동,11215740,중곡1동
광진구,능동,11215780,능동
광진구,구의동,11215850,구의1동
영등포구,양평동4가,11560620,양평2동
영등포구,양평동5가,11560620,양평2동
마포구,아현동,11440565,공덕동
마포구,아현동,11440555,아현동
마포구,공덕동,11440610,염리동
종로구,효제동,11110630,종로5·6가동
강서구,등촌동,11500520,등촌1동
강서구,가양동,11500603,가양1동
양천구,신월동,11470610,신월6동
양천구,신월동,11470611,신월7동
양천구,신월동,11470570,신월2동
중구,을지로6가,11140590,광희동
중구,을지로7가,11140590,광희동
성북구,돈암동,11290590,돈암2동
성북구,돈암동,11290580,돈암1동
성북구,돈암동,11290630,정릉2동
성북구,돈암동,11290575,동선동
성북구,동소문동1가,11290525,성북동
성북구,동소문동2가,11290555,삼선동
성북구,동소문동3가,11290555,삼선동
성북구,동소문동4가,11290525,성북동
영등포구,신길동,11560690,신길7동
영등포구,신길동,11560680,신길6동
영등포구,대림동,11560710,대림2동
영등포구,대림동,11560700,대림1동
영등포구,대림동,11560670,신길5동
영등포구,대림동,11560720,대림3동
영등포구,양평동,11560620,양평2동
동작구,노량진동,11590510,노량진1동
동작구,노량진동,11590520,노량진2동
동작구,상도동,11590530,상도1동
서대문구,북가좌동,11410710,북가좌1동
은평구,구산동,11380560,구산동
성북구,보문동7가,11290610,보문동
성북구,보문동1가,11290610,보문동
성북구,보문동2가,11290610,보문동
영등포구,신길동,11560630,신길1동
마포구,신정동,11440655,서강동
종로구,평창동,11110560,평창동
송파구,장지동,11710642,문정2동
송파구,방이동,11710566,오륜동
송파구,방이동,11710561,방이1동
송파구,방이동,11710562,방이2동
송파구,풍납동,11710510,풍납1동
용산구,청파동2가,11170555,청파동
용산구,청파동3가,11170555,청파동
영등포구,영등포동1가,11560535,영등포동
영등포구,영등포동2가,11560535,영등포동
영등포구,영등포동3가,11560535,영등포동
송파구,오금동,11710570,오금동
송파구,거여동,11710532,거여2동
송파구,거여동,11710647,위례동
강서구,가양동,11500510,염창동
강서구,마곡동,11500630,방화1동
종로구,소격동,11110540,삼청동
종로구,화동,11110540,삼청동
마포구,공덕동,11440565,공덕동
마포구,공덕동,11440555,아현동
마포구,신공덕동,11440565,공덕동
동대문구,이문동,11230740,이문1동
동대문구,이문동,11230750,이문2동
종로구,장사동,11110615,종로1·2·3·4가동
노원구,공릉동,11350600,공릉2동
노원구,공릉동,11350595,공릉1동
노원구,하계동,11350611,하계1동
노원구,하계동,11350612,하계2동
노원구,상계동,11350695,상계6·7동
마포구,대흥동,11440590,용강동
마포구,염리동,11440590,용강동
강동구,천호동,11740620,천호3동
강동구,강일동,11740515,강일동
마포구,도화동,11440590,용강동
마포구,대흥동,11440600,대흥동
영등포구,신길동,11560650,신길3동
영등포구,신길동,11560660,신길4동
영등포구,신길동,11560515,영등포본동
영등포구,신길동,11560670,신길5동
종로구,동숭동,11110640,이화동
영등포구,양화동,11560620,양평2동
강동구,성내동,11740660,성내3동
강동구,천호동,11740600,천호1동
종로구,무악동,11110570,무악동
중구,무교동,11140550,명동
중구,다동,11140550,명동
중구,태평로1가,11140550,명동
중구,을지로1가,11140550,명동
중구,을지로2가,11140550,명동
중구,남대문로1가,11140550,명동
중구,삼각동,11140550,명동
중구,수하동,11140550,명동
중구,장교동,11140550,명동
중구,수표동,11140550,명동
중구,소공동,11140520,소공동
종로구,부암동,11110550,부암동
종로구,종로3가,11110615,종로1·2·3·4가동
용산구,산천동,11170570,원효로2동
중구,남대문로3가,11140540,회현동
중구,남대문로5가,11140540,회현동
중구,봉래동1가,11140540,회현동
강남구,청담동,11680565,청담동
강남구,삼성동,11680590,삼성2동
강남구,삼성동,11680580,삼성1동
강남구,대치동,11680610,대치2동
강남구,대치동,11680600,대치1동
강남구,대치동,11680630,대치4동
강남구,신사동,11680545,압구정동
강남구,신사동,11680510,신사동
강남구,논현동,11680531,논현2동
강남구,논현동,11680521,논현1동
강남구,압구정동,11680545,압구정동
중구,충무로3가,11140570,필동
중구,초동,11140605,을지로동
중구,인현동1가,11140605,을지로동
중구,저동2가,11140605,을지로동
중구,신당동,11140645,청구동
중구,신당동,11140665,동화동
중구,신당동,11140650,신당5동
중구,신당동,11140635,약수동
중구,신당동,11140625,다산동
중구,신당동,11140615,신당동
중구,흥인동,11140615,신당동
중구,무학동,11140615,신당동
중구,황학동,11140670,황학동
중구,서소문동,11140520,소공동
은평구,응암동,11380600,응암3동
은평구,역촌동,11380625,역촌동
성북구,길음동,11290620,정릉1동
마포구,도화동,11440585,도화동
강북구,미아동,11305575,삼각산동
강북구,번동,11305603,번2동
강남구,압구정동,11680510,신사동
강남구,세곡동,11680700,세곡동
강남구,자곡동,11680700,세곡동
강남구,율현동,11680700,세곡동
강남구,일원동,11680670,개포2동
은평구,대조동,11380570,대조동
은평구,응암동,11380580,응암1동
은평구,응암동,11380590,응암2동
종로구,종로5가,11110630,종로5·6가동
종로구,종로6가,11110630,종로5·6가동
종로구,이화동,11110640,이화동
종로구,연건동,11110640,이화동
종로구,충신동,11110630,종로5·6가동
종로구,혜화동,11110650,혜화동
종로구,명륜1가,11110650,혜화동
종로구,명륜2가,11110650,혜화동
중구,회현동2가,11140550,명동
중구,회현동3가,11140550,명동
마포구,신정동,11440630,신수동
중구,순화동,11140520,소공동
중구,순화동,11140540,회현동
중구,정동,11140520,소공동
성동구,도선동,11200535,왕십리도선동
성동구,마장동,11200540,마장동
성동구,사근동,11200550,사근동
성동구,행당동,11200570,행당2동
성동구,행당동,11200550,사근동
성동구,행당동,11200560,행당1동
성동구,응봉동,11200580,응봉동
강서구,화곡동,11500615,우장산동
강서구,화곡동,11500570,화곡4동
강서구,화곡동,11500590,화곡본동
강서구,화곡동,11500593,화곡8동
강서구,화곡동,11500591,화곡6동
강서구,화곡동,11500560,화곡3동
강서구,가양동,11500605,가양3동
강서구,가양동,11500604,가양2동
성북구,성북동1가,11290525,성북동
양천구,목동,11470540,목4동
강서구,등촌동,11500535,등촌3동
강서구,화곡동,11500550,화곡2동
종로구,신문로1가,11110530,사직동
종로구,신문로2가,11110530,사직동
강서구,등촌동,11500603,가양1동
강서구,마곡동,11500641,방화3동
강남구,개포동,11680660,개포1동
강남구,개포동,11680690,개포4동
강남구,개포동,11680670,개포2동
성북구,동소문동5가,11290555,삼선동
성북구,동소문동6가,11290575,동선동
성북구,동소문동7가,11290575,동선동
성북구,삼선동1가,11290555,삼선동
성북구,삼선동2가,11290555,삼선동
중구,태평로2가,11140520,소공동
중구,남대문로2가,11140520,소공동
중구,남대문로2가,11140550,명동
도봉구,쌍문동,11320680,쌍문3동
도봉구,방학동,11320710,방학3동
도봉구,방학동,11320700,방학2동
도봉구,방학동,11320690,방학1동
도봉구,창동,11320512,창2동
도봉구,창동,11320515,창5동
도봉구,창동,11320514,창4동
도봉구,창동,11320513,창3동
도봉구,창동,11320511,창1동
중구,의주로1가,11140520,소공동
중구,충정로1가,11140520,소공동
중구,중림동,11140680,중림동
중구,의주로2가,11140680,중림동
용산구,주성동,11170690,서빙고동
용산구,용산동6가,11170690,서빙고동
용산구,보광동,11170700,보광동
성북구,하월곡동,11290685,길음2동
성북구,상월곡동,11290725,월곡2동
성북구,장위동,11290760,장위1동
성북구,장위동,11290770,장위2동
성북구,장위동,11290780,장위3동
성북구,석관동,11290810,석관동
강북구,미아동,11305545,송중동
강북구,미아동,11305555,송천동
강북구,미아동,11305534,삼양동
마포구,마포동,11440585,도화동
마포구,마포동,11440590,용강동
마포구,대흥동,11440630,신수동
마포구,용강동,11440590,용강동
마포구,토정동,11440590,용강동
종로구,청진동,11110615,종로1·2·3·4가동
종로구,서린동,11110615,종로1·2·3·4가동
종로구,수송동,11110615,종로1·2·3·4가동
성북구,삼선동3가,11290555,삼선동
서대문구,대현동,11410585,신촌동
서대문구,대신동,11410585,신촌동
강서구,마곡동,11500603,가양1동
양천구,신월동,11470560,신월1동
강서구,염창동,11500510,염창동
강서구,등촌동,11500530,등촌2동
서초구,방배동,11650590,방배본동
서초구,방배동,11650621,방배4동
서초구,방배동,11650530,서초3동
서초구,방배동,11650600,방배1동
서초구,방배동,11650610,방배2동
중랑구,신내동,11260680,신내1동
성북구,성북동,11290525,성북동
강동구,둔촌동,11740700,둔촌2동
강동구,암사동,11740590,암사3동
강동구,암사동,11740580,암사2동
강북구,수유동,11305660,인수동
강북구,수유동,11305635,수유3동
강북구,수유동,11305645,우이동
강북구,우이동,11305645,우이동
강남구,수서동,11680750,수서동
중구,인현동2가,11140590,광희동
중구,예관동,11140590,광희동
중구,묵정동,11140580,장충동
중구,묵정동,11140570,필동
중구,필동1가,11140570,필동
도봉구,쌍문동,11320670,쌍문2동
도봉구,쌍문동,11320660,쌍문1동
도봉구,쌍문동,11320681,쌍문4동
송파구,거여동,11710531,거여1동
송파구,마천동,11710540,마천1동
송파구,마천동,11710550,마천2동
강동구,명일동,11740530,명일1동
강동구,명일동,11740540,명일2동
중구,만리동1가,11140680,중림동
중구,만리동2가,11140680,중림동
용산구,후암동,11170510,후암동
용산구,용산동2가,11170520,용산2가동
용산구,용산동4가,11170520,용산2가동
용산구,갈월동,11170530,남영동
용산구,남영동,11170530,남영동
용산구,용산동1가,11170530,남영동
용산구,동자동,11170530,남영동
용산구,서계동,11170555,청파동
중구,산림동,11140605,을지로동
종로구,와룡동,11110615,종로1·2·3·4가동
종로구,권농동,11110615,종로1·2·3·4가동
종로구,운니동,11110615,종로1·2·3·4가동
종로구,익선동,11110615,종로1·2·3·4가동
종로구,경운동,11110615,종로1·2·3·4가동
종로구,관철동,11110615,종로1·2·3·4가동
종로구,인사동,11110615,종로1·2·3·4가동
종로구,낙원동,11110615,종로1·2·3·4가동
종로구,종로2가,11110615,종로1·2·3·4가동
종로구,팔판동,11110540,삼청동
종로구,삼청동,11110540,삼청동
구로구,온수동,11530790,수궁동
구로구,천왕동,11530780,오류2동
구로구,항동,11530800,항동
금천구,가산동,11545510,가산동
금천구,독산동,11545630,독산3동
금천구,독산동,11545620,독산2동
금천구,독산동,11545610,독산1동
금천구,독산동,11545640,독산4동
금천구,시흥동,11545670,시흥1동
용산구,용산동5가,11170625,한강로동
용산구,한강로3가,11170625,한강로동
용산구,이촌동,11170630,이촌1동
송파구,잠실동,11710720,잠실7동
송파구,잠실동,11710680,잠실3동
송파구,잠실동,11710670,잠실2동
동작구,사당동,11590640,사당3동
동작구,사당동,11590630,사당2동
동작구,사당동,11590620,사당1동
동작구,대방동,11590660,대방동
강동구,고덕동,11740560,고덕2동
강동구,고덕동,11740550,고덕1동
강동구,길동,11740685,길동
강동구,둔촌동,11740690,둔촌1동
동대문구,답십리동,11230610,답십리2동
동대문구,장안동,11230650,장안1동
동대문구,장안동,11230660,장안2동
동대문구,청량리동,11230705,청량리동
노원구,중계동,11350621,중계1동
노원구,상계동,11350630,상계1동
노원구,상계동,11350670,상계5동
노원구,상계동,11350665,상계3·4동
노원구,상계동,11350720,상계10동
종로구,안국동,11110540,삼청동
종로구,인의동,11110615,종로1·2·3·4가동
종로구,예지동,11110615,종로1·2·3·4가동
종로구,원남동,11110615,종로1·2·3·4가동
종로구,홍지동,11110550,부암동
종로구,신영동,11110550,부암동
광진구,구의동,11215860,구의2동
광진구,구의동,11215870,구의3동
구로구,구로동,11530550,구로4동
구로구,구로동,11530560,구로5동
구로구,가리봉동,11530595,가리봉동
구로구,고척동,11530720,고척1동
구로구,고척동,11530730,고척2동
성북구,보문동3가,11290610,보문동
성북구,정릉동,11290640,정릉3동
성북구,정릉동,11290620,정릉1동
성북구,정릉동,11290630,정릉2동
성북구,정릉동,11290650,정릉4동
중구,을지로3가,11140605,을지로동
중구,입정동,11140605,을지로동
마포구,염리동,11440610,염리동
마포구,염리동,11440555,아현동
마포구,노고산동,11440600,대흥동
마포구,도화동,11440565,공덕동
관악구,신림동,11620715,난향동
관악구,신림동,11620775,난곡동
구로구,개봉동,11530760,개봉3동
구로구,개봉동,11530740,개봉1동
구로구,개봉동,11530750,개봉2동
구로구,오류동,11530770,오류1동
구로구,오류동,11530780,오류2동
종로구,사간동,11110540,삼청동
종로구,송현동,11110540,삼청동
중랑구,묵동,11260620,묵1동
중랑구,망우동,11260655,망우본동
중랑구,망우동,11260660,망우3동
중랑구,신내동,11260690,신내2동
중구,남대문로3가,11140520,소공동
중구,남대문로4가,11140540,회현동
강동구,성내동,11740650,성내2동
강동구,성내동,11740640,성내1동
동작구,신대방동,11590670,신대방1동
동작구,신대방동,11590680,신대방2동
영등포구,당산동6가,11560560,당산2동
영등포구,당산동,11560560,당산2동
영등포구,도림동,11560585,도림동
영등포구,문래동1가,11560605,문래동
영등포구,문래동2가,11560605,문래동
영등포구,문래동3가,11560605,문래동
송파구,삼전동,11710610,삼전동
영등포구,문래동4가,11560605,문래동
용산구,청파동1가,11170555,청파동
영등포구,문래동5가,11560605,문래동
영등포구,문래동6가,11560605,문래동
동대문구,회기동,11230710,회기동
동대문구,휘경동,11230720,휘경1동
서초구,방배동,11650620,방배3동
서초구,양재동,11650651,양재1동
서초구,양재동,11650652,양재2동
서초구,우면동,11650651,양재1동
성북구,길음동,11290685,길음2동
성북구,종암동,11290705,종암동
성북구,하월곡동,11290725,월곡2동
성북구,하월곡동,11290715,월곡1동
중구,남창동,11140540,회현동
중구,북창동,11140520,소공동
중구,저동1가,11140550,명동
중구,충무로4가,11140590,광희동
중구,충무로4가,11140570,필동
중구,충무로5가,11140590,광희동
동작구,상도동,11590550,상도3동
동작구,상도동,11590540,상도2동
동작구,상도동,11590560,상도4동
동작구,상도1동,11590530,상도1동
동작구,본동,11590510,노량진1동
동작구,흑석동,11590605,흑석동
강남구,역삼동,11680640,역삼1동
종로구,돈의동,11110615,종로1·2·3·4가동
은평구,신사동,11380631,신사1동
은평구,신사동,11380632,신사2동
은평구,증산동,11380640,증산동
은평구,진관동,11380690,진관동
서대문구,충정로2가,11410565,충현동
서대문구,충정로3가,11410565,충현동
서대문구,합동,11410565,충현동
서대문구,미근동,11410565,충현동
서대문구,냉천동,11410520,천연동
서대문구,천연동,11410520,천연동
서대문구,옥천동,11410520,천연동
강서구,마곡동,11500611,발산1동
강서구,마곡동,11500620,공항동
강서구,내발산동,11500611,발산1동
강서구,내발산동,11500615,우장산동
강서구,외발산동,11500611,발산1동
강서구,공항동,11500630,방화1동
강서구,공항동,11500620,공항동
강서구,방화동,11500630,방화1동
강서구,방화동,11500620,공항동
마포구,성산동,11440730,성산2동
마포구,성산동,11440720,성산1동
마포구,중동,11440730,성산2동
마포구,상암동,11440740,상암동
양천구,신정동,11470640,신정3동
양천구,신정동,11470680,신정7동
양천구,신정동,11470670,신정6동
양천구,신정동,11470650,신정4동
양천구,신정동,11470630,신정2동
강남구,일원동,11680730,일원1동
강남구,수서동,11680720,일원본동
강남구,수서동,11680730,일원1동
영등포구,당산동1가,11560550,당산1동
영등포구,당산동2가,11560550,당산1동
영등포구,당산동3가,11560550,당산1동
강북구,번동,11305595,번1동
강북구,수유동,11305625,수유2동
강북구,번동,11305608,번3동
중구,충무로2가,11140550,명동
관악구,신림동,11620695,신림동
관악구,신림동,11620685,신사동
관악구,신림동,11620665,서림동
관악구,신림동,11620655,신원동
관악구,신림동,11620645,서원동
관악구,남현동,11620630,남현동
서초구,내곡동,11650660,내곡동
서대문구,북가좌동,11410720,북가좌2동
노원구,중계동,11350624,중계4동
노원구,중계동,11350619,중계본동
종로구,도렴동,11110530,사직동
종로구,당주동,11110530,사직동
종로구,내수동,11110530,사직동
종로구,세종로,11110515,청운효자동
종로구,세종로,11110530,사직동
종로구,세종로,11110615,종로1·2·3·4가동
동대문구,전농동,11230570,전농2동
동대문구,답십리동,11230600,답십리1동
관악구,신림동,11620745,삼성동
관악구,신림동,11620765,미성동
영등포구,영등포동4가,11560535,영등포동
영등포구,영등포동5가,11560535,영등포동
영등포구,영등포동6가,11560535,영등포동
영등포구,영등포동7가,11560535,영등포동
영등포구,영등포동8가,11560535,영등포동
영등포구,여의도동,11560540,여의동
종로구,연지동,11110630,종로5·6가동
종로구,종로4가,11110615,종로1·2·3·4가동
종로구,숭인동,11110700,숭인1동
용산구,한남동,11170685,한남동
용산구,동빙고동,11170690,서빙고동
용산구,서빙고동,11170690,서빙고동
용산구,이태원동,11170660,이태원2동
구로구,궁동,11530790,수궁동
중구,을지로4가,11140605,을지로동
중구,을지로5가,11140605,을지로동
중구,주교동,11140605,을지로동
중구,방산동,11140605,을지로동
중구,오장동,11140590,광희동
송파구,가락동,11710620,가락본동
송파구,가락동,11710631,가락1동
중구,필동2가,11140570,필동
중구,필동3가,11140570,필동
중구,남학동,11140570,필동
중구,주자동,11140570,필동
중구,예장동,11140550,명동
중구,예장동,11140570,필동
중구,장충동1가,11140580,장충동
중구,장충동2가,11140570,필동
중구,장충동2가,11140580,장충동
중구,광희동1가,11140590,광희동
중구,광희동2가,11140590,광희동
중구,쌍림동,11140590,광희동
성북구,안암동4가,11290600,안암동
성북구,안암동5가,11290600,안암동
성북구,보문동4가,11290610,보문동
성북구,보문동5가,11290610,보문동
서초구,원지동,11650652,양재2동
노원구,중계동,11350625,중계2·3동
은평구,수색동,11380650,수색동
은평구,녹번동,11380510,녹번동
은평구,불광동,11380530,불광2동
은평구,불광동,11380520,불광1동
은평구,갈현동,11380551,갈현1동
종로구,묘동,11110615,종로1·2·3·4가동
종로구,봉익동,11110615,종로1·2·3·4가동
동작구,동작동,11590630,사당2동
동작구,사당동,11590651,사당5동
동작구,사당동,11590650,사당4동
성북구,삼선동4가,11290555,삼선동
성북구,삼선동5가,11290555,삼선동
성북구,동선동1가,11290575,동선동
성북구,동선동2가,11290575,동선동
성북구,동선동3가,11290575,동선동
성북구,동선동4가,11290575,동선동
성북구,동선동5가,11290575,동선동
성북구,안암동1가,11290600,안암동
광진구,자양동,11215830,자양2동
서대문구,연희동,11410615,연희동
서대문구,홍은동,11410685,홍은2동
영등포구,당산동4가,11560560,당산2동
영등포구,당산동5가,11560560,당산2동
종로구,견지동,11110615,종로1·2·3·4가동
종로구,와룡동,11110650,혜화동
중랑구,면목동,11260570,면목7동
중랑구,상봉동,11260580,상봉1동
중랑구,상봉동,11260590,상봉2동
중랑구,중화동,11260610,중화2동
중랑구,중화동,11260600,중화1동
중랑구,묵동,11260630,묵2동
관악구,봉천동,11620605,은천동
관악구,봉천동,11620615,중앙동
관악구,봉천동,11620585,낙성대동
관악구,봉천동,11620525,보라매동
관악구,봉천동,11620545,청림동
관악구,봉천동,11620565,성현동
관악구,봉천동,11620575,행운동
관악구,봉천동,11620595,청룡동
관악구,봉천동,11620625,인헌동
관악구,신림동,11620725,조원동
관악구,신림동,11620735,대학동
서초구,반포동,11650550,반포본동
노원구,상계동,11350700,상계8동
노원구,상계동,11350710,상계9동
노원구,상계동,11350640,상계2동
금천구,시흥동,11545680,시흥2동
금천구,시흥동,11545690,시흥3동
금천구,시흥동,11545700,시흥4동
금천구,시흥동,11545710,시흥5동
송파구,송파동,11710590,송파2동
송파구,송파동,11710580,송파1동
송파구,석촌동,11710600,석촌동
서초구,염곡동,11650660,내곡동
서초구,신원동,11650660,내곡동
강남구,역삼동,11680650,역삼2동
종로구,명륜4가,11110650,혜화동
종로구,명륜3가,11110650,혜화동
강서구,방화동,11500641,방화3동
강서구,방화동,11500640,방화2동
강남구,일원동,11680740,일원2동
강남구,개포동,11680740,일원2동
강남구,대치동,11680740,일원2동
강동구,상일동,11740520,상일동
강동구,상일동,11740515,강일동
구로구,항동,11530780,오류2동
서대문구,대현동,11410555,북아현동
노원구,상계동,11350624,중계4동
동대문구,전농동,11230600,답십리1동
강서구,염창동,11500605,가양3동
