name,park_type,address,latitude,longitude,park_area,district_name
초안산<시공원>,근린공원,서울특별시 노원구 마들로5길 91,37.64354845,127.0514587,950643.0,노원구
영축산<시공원>,근린공원,서울특별시 노원구 광운로 141(월계동),37.62834719,127.057541,260500.0,노원구
불암산<시공원>,기타,서울특별시 노원구 한글비석로12길 51-49,37.65484418,127.0811812,5332422.0,노원구
칸나,소공원,서울특별시 동작구 시흥대로596,37.48562691,126.9043083,241.0,동작구
국화원,소공원,"서울특별시 동작구 상도로30길 39(상도동, 상도두산위브아파트)",37.50479617,126.942298,757.0,동작구
새벽,어린이공원,서울특별시 동작구 상도로13길11,37.50092249,126.930155,496.0,동작구
까치산,근린공원,서울특별시 동작구 현충로55,37.51066813,126.9627656,384026.0,동작구
까치,어린이공원,서울특별시 동작구 동작대로9길35(사당),37.48053895,126.979537,1604.3,동작구
사육신,역사공원,서울특별시 동작구 노량진로191,37.51345628,126.9494127,47832.0,동작구
현충,근린공원,서울특별시 동작구 사당로23길57-7,37.48538566,126.9757312,1106402.2,동작구
용봉정,근린공원,서울특별시 동작구 현충로2가길17,37.511663,126.958792,80804.2,동작구
상도,근린공원,서울특별시 동작구 성대로6사길27-18,37.49321807,126.9384079,359342.8,동작구
신창,어린이공원,서울특별시 도봉구 덕릉로57길,37.64005013,127.0408422,579.0,도봉구
달내,어린이공원,서울특별시 도봉구 덕릉로59길,37.642803,127.0352563,1001.0,도봉구
장미,어린이공원,서울특별시 도봉구 도봉로114길,37.638146,127.036365,1000.0,도봉구
다람쥐,어린이공원,서울특별시 도봉구 덕릉로59길,37.64520352,127.0349066,988.0,도봉구
창고개,어린이공원,서울특별시 도봉구 덕릉로59길,37.64476713,127.039341,990.0,도봉구
창골,어린이공원,서울특별시 도봉구 덕릉로63길,37.643075,127.048626,4236.0,도봉구
뱃골,어린이공원,서울특별시 도봉구 해등로4길 38,37.64881821,127.0455437,2319.0,도봉구
밤골,어린이공원,서울특별시 도봉구 해등로4길 38,37.64881821,127.0455437,2279.0,도봉구
반석,어린이공원,서울특별시 도봉구 덕릉로63길,37.64716834,127.0412891,2596.0,도봉구
은행나무,어린이공원,서울특별시 도봉구 해등로 50,37.64999808,127.0433017,3199.0,도봉구
꿈동산,어린이공원,서울특별시 도봉구 초안산로 116,37.65028686,127.036861,1008.0,도봉구
뒷말,어린이공원,서울특별시 도봉구 도당로13길 3,37.66496533,127.0356152,1000.0,도봉구
서울창포원,기타,서울특별시 도봉구 마들로 916,37.6895,127.0471623,51146.0,도봉구
다락원체육공원,체육공원,서울특별시 도봉구 창포원로 45,37.69154967,127.0470117,49830.0,도봉구
학골,소공원,서울특별시 도봉구 도봉로 236,37.66179652,127.0367282,149.0,도봉구
방학,소공원,서울특별시 도봉구 시루봉로15길 41,37.66309614,127.0322564,305.0,도봉구
무수골,소공원,서울특별시 도봉구 도봉로169길,37.67872504,127.0395213,854.0,도봉구
무수울,소공원,서울특별시 도봉구 도봉로169길 266-14,37.67823258,127.0361831,161.0,도봉구
창3마을공원,소공원,서울특별시 도봉구 우이천로4길 24-11,37.63310961,127.0411969,331400.0,도봉구
창2마을공원,소공원,서울특별시 도봉구 덕릉로59길 63,37.64135474,127.0361404,310430.0,도봉구
쌍문1구역,소공원,서울특별시 도봉구 우이천로 367,37.64788419,127.0240704,118790.0,도봉구
누원,어린이공원,서울특별시 도봉구 마들로 749,37.67739606,127.0471641,1515.0,도봉구
갈대밭,어린이공원,서울특별시 도봉구 마들로 760,37.67761781,127.0493276,973.0,도봉구
무수,어린이공원,서울특별시 도봉구 도봉로169가길 33,37.68154186,127.0428342,1003.0,도봉구
새동네,어린이공원,서울특별시 도봉구 도봉로180나길,37.68889354,127.0431764,1289.0,도봉구
서원,어린이공원,서울특별시 도봉구 도봉로169길,37.68386081,127.0432817,921.0,도봉구
해태,어린이공원,서울특별시 도봉구 도봉로163길 42,37.67195803,127.0411999,962.0,도봉구
무지개,어린이공원,서울특별시 도봉구 도봉로169나길,37.685648,127.045024,921.0,도봉구
창원,어린이공원,서울특별시 도봉구 해등로32길,37.65298653,127.0403959,2329.0,도봉구
미화,어린이공원,서울특별시 도봉구 도봉로118길,37.65501352,127.0396967,996.0,도봉구
대창,어린이공원,서울특별시 도봉구 도봉로136길,37.64436186,127.0522613,1500.0,도봉구
모랫,어린이공원,서울특별시 도봉구 노해로69길,37.64683187,127.0517828,1500.0,도봉구
유만,어린이공원,서울특별시 도봉구 노해로69길,37.65038208,127.0529523,1500.0,도봉구
효자,어린이공원,서울특별시 도봉구 마들로11길 20,37.65511059,127.0508313,1573.0,도봉구
물방울,어린이공원,서울특별시 도봉구 우이천로4길,37.63771613,127.0413394,646.0,도봉구
샘말,어린이공원,서울특별시 도봉구 시루봉로15마길 13,37.66812722,127.0315428,1085.0,도봉구
개나리,어린이공원,서울특별시 도봉구 시루봉로15라길,37.66733162,127.0371368,960.0,도봉구
생잇들,어린이공원,서울특별시 도봉구 도봉로146길,37.66900475,127.039176,970.0,도봉구
금성윗들,어린이공원,서울특별시 도봉구 도봉로150마길 37,37.66773077,127.0449375,1289.0,도봉구
소망,어린이공원,서울특별시 도봉구 해등로32가길 16,37.66029179,127.0222644,973.0,도봉구
사슴,어린이공원,서울특별시 도봉구 도봉로143길,37.6644568,127.0417367,970.0,도봉구
무궁화,어린이공원,서울특별시 도봉구 방학로15길,37.6678,127.0421,1003.0,도봉구
둥근달,어린이공원,서울특별시 도봉구 우이천로32길,37.64970515,127.0301301,1013.0,도봉구
샛별,어린이공원,서울특별시 도봉구 도봉로109길,37.648073,127.029196,331.0,도봉구
노해,어린이공원,서울특별시 도봉구 노해로 227,37.65132976,127.0335737,1019.0,도봉구
꽃동네,어린이공원,서울특별시 도봉구 우이천로38가길,37.65060359,127.0229687,317.0,도봉구
월천근린공원,근린공원,서울특별시 도봉구 노해로70길 126,37.647271,127.052318,10712.0,도봉구
둘리(쌍문),근린공원,서울특별시 도봉구 시루봉로1길 6,37.65242986,127.0276385,264718.0,도봉구
초안산,근린공원,서울특별시 도봉구 해등로3길 48-11,37.647426,127.0413841,404631.0,도봉구
훙이,어린이공원,서울특별시 송파구 송이로17길 48,37.501139,127.1247542,1500.0,송파구
진달래공원,어린이공원,서울특별시 강동구 양재대로147길5(명일동),37.5521507,127.1436747,2024.0,강동구
은하수공원,어린이공원,서울특별시 강동구 양재대로145길8(명일동),37.552017,127.1435031,2018.0,강동구
게내공원,어린이공원,서울특별시 강동구 상일로5길26(상일동),37.549262,127.171472,1500.0,강동구
말우물공원,어린이공원,서울특별시 강동구 상일로21길14-7(고덕동),37.560012,127.169476,1619.1,강동구
한우물공원,어린이공원,서울특별시 강동구 아리수로72길60-16(고덕동),37.561635,127.162736,1500.0,강동구
꿈나래공원,어린이공원,서울특별시 강동구 아리수로64길29(고덕동),37.5608275,127.153742,1500.0,강동구
성내공원,근린공원,서울특별시 강동구 성내로3가길 71(성내동),37.529486,127.126516,8929.0,강동구
천일골목공원,어린이공원,서울특별시 강동구 진황도로27다길30(천호동),37.5405287,127.1314181,233.0,강동구
올림픽공원,기타,서울특별시 송파구 올림픽로 424,37.520341,127.115518,1447122.3,송파구
백제초기적석총,역사공원,서울특별시 송파구 가락로7길 21,37.50214179,127.102815,45137.8,송파구
방이동고분,역사공원,서울특별시 송파구 오금로 219,37.50757311,127.1181634,30293.7,송파구
신천어린이교통,근린공원,서울특별시 송파구 올림픽로35다길 33,37.516022,127.101762,12755.5,송파구
상일공원,근린공원,서울특별시 강동구 상암로79가길3(상일동),37.5469247,127.167312,9704.0,강동구
방죽공원,근린공원,서울특별시 강동구 동남로82길94-58(고덕동),37.5591586,127.1598268,87748.6,강동구
까치공원,근린공원,서울특별시 강동구 고덕로 55길70(고덕동),37.557079,127.149995,19464.8,강동구
송림공원,근린공원,서울특별시 강동구 고덕로 지하253(고덕동),37.55504732,127.1539494,11491.0,강동구
원터공원,근린공원,서울특별시 강동구 양재대로147길 18(명일동),37.5524155,127.1430368,24508.5,강동구
암사공원,어린이공원,서울특별시 강동구 고덕로28길36(암사동),37.552756,127.137981,1780.0,강동구
당말공원,어린이공원,서울특별시 강동구 진황도로29길34(천호동),37.53912769,127.133246,2409.0,강동구
천일공원,어린이공원,서울특별시 강동구 구천면로42길60(천호동),37.54498878,127.1362629,2408.0,강동구
방아다리공원,어린이공원,서울특별시 강동구 동남로65길46-8(명일동),37.548156,127.153648,2010.4,강동구
돌마리,어린이공원,서울특별시 송파구 가락로7길 4,37.5006205,127.103249,1715.6,송파구
능골,어린이공원,서울특별시 송파구 동남로14길 1746,37.493129,127.133207,1484.7,송파구
새말,어린이공원,서울특별시 송파구 송이로23길 1628,37.494731,127.125727,1498.1,송파구
새마을,어린이공원,서울특별시 송파구 석촌호수로12길 117,37.508222,127.086579,1667.3,송파구
삼학사,어린이공원,서울특별시 송파구 백제고분로27길 4024,37.506232,127.095323,1648.0,송파구
봉우리,어린이공원,서울특별시 송파구 양재대로62길 3213,37.496495,127.119238,1495.2,송파구
벌말,어린이공원,서울특별시 송파구 동남로28길 23,37.501638,127.140281,1502.1,송파구
동호수,어린이공원,서울특별시 송파구 송파대로48길 28,37.50991906,127.1070996,1469.7,송파구
부장천,어린이공원,서울특별시 금천구 금하로 668,37.45266794,126.9044062,944.0,금천구
새재미,어린이공원,서울특별시 금천구 독산로39길 16,37.45884579,126.904239,1185.2,금천구
소망,어린이공원,서울특별시 금천구 독산로75길 12-7,37.46936829,126.9016706,998.0,금천구
반수,어린이공원,서울특별시 금천구 독산로93길 18,37.4740151,126.902233,990.6,금천구
동산,어린이공원,서울특별시 금천구 독산로54길 247,37.47292006,126.9059645,1017.2,금천구
금나래중앙,문화공원,서울특별시 금천구 시흥대로79길 53,37.45807525,126.8949359,16331.3,금천구
은행,어린이공원,서울특별시 금천구 금하로 689-2,37.45204371,126.9071079,865.0,금천구
무궁화공원,어린이공원,서울특별시 광진구 광나루로52길 12 (구의동),37.5412468,127.0945509,1041.7,광진구
목련공원,어린이공원,서울특별시 광진구 아차산로59길 49 (구의동),37.54064005,127.0906545,989.8,광진구
긴고랑공원,어린이공원,서울특별시 광진구 긴고랑로 143 (중곡동),37.55888021,127.0910186,633.0,광진구
해오름공원,어린이공원,서울특별시 광진구 영화사로7길 25 (중곡동),37.55678467,127.0921845,840.0,광진구
배나무터공원,어린이공원,서울특별시 광진구 동일로76나길 20 (중곡동),37.56834108,127.0802695,971.9,광진구
중곡공원,어린이공원,서울특별시 광진구 긴고랑로5길 10 (중곡동),37.5645362,127.079141,995.7,광진구
군자공원,어린이공원,서울특별시 광진구 동일로52길 27 (군자동),37.55456506,127.0728509,642.0,광진구
화양공원,어린이공원,서울특별시 광진구 아차산로31길 14 (화양동),37.54160778,127.0696005,996.4,광진구
햇님공원,어린이공원,서울특별시 광진구 아차산로25길 27 (화양동),37.5426933,127.0670227,1002.3,광진구
한아름공원,어린이공원,서울특별시 광진구 군자로3길 15 (화양동),37.5443368,127.0704685,936.2,광진구
가중나무공원,어린이공원,서울특별시 광진구 동일로28길 16 (화양동),37.54651869,127.0677034,971.6,광진구
노유산공원,어린이공원,서울특별시 광진구 아차산로32길 17 (자양동),37.5391102,127.0685096,993.1,광진구
동자공원,어린이공원,서울특별시 광진구 자양번영로3길 16 (자양동),37.5318659,127.0742753,985.9,광진구
금모래공원,어린이공원,서울특별시 광진구 뚝섬로56길 28 (자양동),37.53030963,127.0825402,1022.5,광진구
언덕배기공원,어린이공원,서울특별시 광진구 뚝섬로62길 24 (자양동),37.53214981,127.0879487,800.4,광진구
장독골공원,어린이공원,서울특별시 광진구 아차산로40길 46 (자양동),37.5356422,127.0778292,997.4,광진구
자마장공원,어린이공원,서울특별시 광진구 자양로13길 41 (자양동),37.53444854,127.0821916,998.8,광진구
정말공원,어린이공원,서울특별시 광진구 자양로13다길 34 (자양동),37.53316616,127.0781758,989.4,광진구
온달공원,어린이공원,서울특별시 광진구 아차산로73길 15 (광장동),37.54598669,127.1040763,1012.0,광진구
구의공원,어린이공원,서울특별시 광진구 광나루로56길 86 (구의동),37.53650324,127.0947414,10464.0,광진구
구둘공원,어린이공원,서울특별시 광진구 자양로42길 44 (구의동),37.5481208,127.0921708,788.1,광진구
푸른동산공원,어린이공원,서울특별시 광진구 광나루로44길 32 (구의동),37.5429034,127.0911933,933.2,광진구
장미공원,어린이공원,서울특별시 광진구 구의강변로3길 39 (구의동),37.5362728,127.0901418,986.5,광진구
성심공원,어린이공원,서울특별시 강동구 천중로40길66(길동),37.53831458,127.137376,992.3,강동구
무궁화공원,어린이공원,서울특별시 강동구 양재대로124길62(길동),37.5423345,127.1454038,996.3,강동구
달님공원,어린이공원,서울특별시 강동구 양재대로112길52(길동),37.53621038,127.142551,998.6,강동구
안말공원,어린이공원,서울특별시 강동구 풍성로45길11(성내동),37.531236,127.129903,2290.3,강동구
보람공원,어린이공원,서울특별시 강동구 양재대로85길59(성내동),37.52471702,127.131302,989.9,강동구
선린공원,어린이공원,서울특별시 강동구 양재대로91길59(성내동),37.52851478,127.132711,1575.2,강동구
성안공원,어린이공원,서울특별시 강동구 양재대로97길41(성내동),37.531369,127.134773,1057.1,강동구
혜림공원,어린이공원,서울특별시 강동구 천중로39길77(천호동),37.54460149,127.139905,992.0,강동구
명일공원,근린공원,서울특별시 강동구 구천면로587(상일동),37.5512577,127.1634092,649709.6,강동구
일자산공원,근린공원,서울특별시 강동구 동남로 660(둔촌동),37.5330568,127.1513563,632733.0,강동구
광진공원,어린이공원,서울특별시 강동구 구천면로13길21(천호동),37.542946,127.122505,1672.7,강동구
고분다리공원,어린이공원,서울특별시 강동구 구천면로39길23(천호동),37.54540502,127.131821,1621.8,강동구
천사공원,어린이공원,서울특별시 강동구 천중로12길23-23(천호동),37.54380935,127.1284086,1617.2,강동구
선사공원,어린이공원,서울특별시 강동구 올림픽로 836(암사동),37.55576061,127.1299975,1610.3,강동구
볕우물공원,어린이공원,서울특별시 강동구 고덕로24길23(암사동),37.553613,127.135704,1552.8,강동구
광나루공원,어린이공원,서울특별시 강동구 상암로12-19(암사동),37.5500717,127.1255454,1637.7,강동구
새장터공원,어린이공원,서울특별시 강동구 암사1가길16(암사동),37.55212624,127.130563,1592.0,강동구
염주골공원,어린이공원,서울특별시 강동구 양재대로138길29(명일동),37.549932,127.1456059,991.3,강동구
샘물공원,어린이공원,서울특별시 강동구 양재대로1630(명일동),37.5510159,127.1447414,992.1,강동구
옥계,어린이공원,서울특별시 금천구 시흥대로86길 20,37.460149,126.900302,1058.6,금천구
무지개,어린이공원,서울특별시 금천구 시흥대로90길 60-3,37.46282267,126.9009392,972.1,금천구
다람쥐,어린이공원,서울특별시 금천구 벚꽃로18길 33,37.46824515,126.8908193,1019.6,금천구
두산,어린이공원,서울특별시 금천구 시흥대로123길 91,37.47303262,126.8942618,974.9,금천구
철쭉,어린이공원,서울특별시 금천구 금하로1마길 15-8,37.45288913,126.8896337,1501.6,금천구
참새,어린이공원,서울특별시 금천구 한내로 55,37.45695474,126.8871937,1500.1,금천구
조마,어린이공원,서울특별시 금천구 시흥대로149가길 6,37.47561479,126.8955477,1003.0,금천구
금천폭포공원,근린공원,서울특별시 금천구 시흥대로38길 61,37.44639673,126.9044447,4835.2,금천구
독산근린공원,근린공원,서울특별시 금천구 범안로 1096,37.46327361,126.8849344,18005.5,금천구
금천체육공원,근린공원,서울특별시 금천구 독산로54길 102-27,37.468313,126.908522,18083.0,금천구
산기슭공원,근린공원,서울특별시 금천구 독산로54길 6,37.46364031,126.9076165,8412.0,금천구
무학봉,근린공원,서울특별시 성동구 난계로 114-31,37.56123125,127.0259523,28843.0,성동구
달맞이,근린공원,서울특별시 성동구 독서당로40길 25,37.5433496,127.0193024,63411.43,성동구
응봉,근린공원,서울특별시 성동구 독서당로63길 85(금호동1가),37.55374193,127.0273495,417284.88,성동구
금동,어린이공원,서울특별시 성동구 무수막길 16,37.54942229,127.0256915,2591.0,성동구
살구골,어린이공원,서울특별시 성동구 고산자로 177,37.55573009,127.0335764,1573.9,성동구
도선,어린이공원,서울특별시 성동구 무학로8길 8 도선동공영주차장,37.56550468,127.031418,2332.5,성동구
도장골,소공원,서울특별시 성동구 행당로 82,37.55480888,127.0273997,678.3,성동구
무지개,어린이공원,서울특별시 성동구 성수이로7길 27,37.54157394,127.0534386,2143.0,성동구
보람,어린이공원,서울특별시 성동구 마장로 255,37.56613727,127.0381819,823.3,성동구
상원,어린이공원,서울특별시 성동구 상원길 39,37.54753298,127.0483982,2636.0,성동구
응삼,어린이공원,서울특별시 성동구 고산자로 160,37.55433983,127.0348842,1646.7,성동구
미소,어린이공원,서울특별시 성동구 난계로 95,37.56051006,127.0235037,3411.0,성동구
송정,어린이공원,서울특별시 성동구 동일로 263-49,37.55519167,127.0703837,236.4,성동구
서마장,어린이공원,서울특별시 성동구 청계천로10가길 102,37.57152303,127.0374347,350.3,성동구
응봉개나리,어린이공원,서울특별시 성동구 독서당로62가길 62,37.54866971,127.0318722,462.0,성동구
열림,어린이공원,서울특별시 성동구 성수이로12길 14,37.53962218,127.056782,198.0,성동구
아남,어린이공원,서울특별시 성동구 아차산로15길 52,37.54732598,127.0646691,984.1,성동구
은행나무터,어린이공원,서울특별시 성동구 연무장길 37-29,37.54369439,127.0537509,675.4,성동구
성삼,어린이공원,서울특별시 성동구 성수이로18길 31,37.54195313,127.0606155,1812.2,성동구
마장,어린이공원,서울특별시 성동구 마조로 51-2,37.56233458,127.0415003,911.0,성동구
응봉새말,어린이공원,서울특별시 성동구 고산자로2길 6-12,37.55186593,127.035857,311.0,성동구
동마장,어린이공원,서울특별시 성동구 마장로42길 13 동마장어린이공원,37.56622804,127.0456969,1090.9,성동구
성원,어린이공원,서울특별시 성동구 상원10길 21,37.55011556,127.0499031,982.5,성동구
성수,근린공원,서울특별시 성동구 연무장3길 14,37.54477086,127.0518411,5197.7,성동구
용답휴식,근린공원,서울특별시 성동구 천호대로 232,37.56999106,127.0468202,6046.9,성동구
금호,근린공원,서울특별시 성동구 금호산길 5-15(금호동3가),37.54904117,127.0190199,13467.8,성동구
행당4구역,소공원,서울특별시 성동구 행당로6길 74,37.5555693,127.0320798,1235.0,성동구
하왕1-5구역,소공원,서울특별시 성동구 무학봉길 1,37.56007539,127.0241246,1451.1,성동구
트리마제,소공원,서울특별시 성동구 왕십리로 16 103동,37.53923821,127.0446715,2762.8,성동구
직녀,어린이공원,서울특별시 성동구 마장로 164 기독교대한감리회 꽃재교회,37.5667467,127.0278177,1500.0,성동구
견우,어린이공원,서울특별시 성동구 왕십리로 410,37.5665905,127.0240825,1500.0,성동구
푸른,어린이공원,서울특별시 성동구 금호로1길 38,37.54733277,127.0235968,1681.8,성동구
청계꿈나무,어린이공원,서울특별시 성동구 마장로 161,37.56781934,127.0278905,1705.0,성동구
뉴타운1구역,기타,서울특별시 성동구 마장로 137,37.56782502,127.0250536,2452.4,성동구
뉴타운2구역,기타,서울특별시 성동구 마장로 137,37.56782502,127.0250536,2517.0,성동구
왕십리 KCC스위첸,소공원,서울특별시 성동구 무학봉길 35,37.56067856,127.0268748,1514.1,성동구
매봉,소공원,서울특별시 성동구 매봉길 50,37.54729549,127.0121475,2006.7,성동구
옥정,소공원,서울특별시 성동구 매봉길 21 서울성동지역자활센터,37.5458337,127.0153489,711.76,성동구
금남,소공원,서울특별시 성동구 금호산8길 13,37.55054813,127.0213924,834.0,성동구
금옥,소공원,서울특별시 성동구 금호로 117,37.55306047,127.0214356,1230.0,성동구
장미,소공원,서울특별시 성동구 동일로 227,37.5522684,127.0694222,485.4,성동구
향림,소공원,서울특별시 성동구 성수일로10길 23,37.54703666,127.0533154,987.8,성동구
청송,소공원,서울특별시 성동구 아차산로9길 20,37.54599593,127.0587894,798.7,성동구
동부,소공원,서울특별시 성동구 왕십리로6길 30,37.54524583,127.0474356,251.0,성동구
전관원,어린이공원,서울특별시 성동구 살곶이길 327,37.55467447,127.0404902,4760.0,성동구
꽃재,어린이공원,서울특별시 성동구 마장로 161,37.56781934,127.0278897,2810.0,성동구
논골새싹,어린이공원,서울특별시 성동구 난계로 56,37.55751131,127.0250458,2837.1,성동구
밤골,어린이공원,서울특별시 성북구 화랑로13가길 17-8,37.607541,127.039921,600.0,성북구
배밭골,어린이공원,서울특별시 성북구 정릉로10길 46,37.60812583,126.9986863,263.0,성북구
삼선,어린이공원,서울특별시 성북구 삼선교로4길 147,37.58323585,127.01039,10957.0,성북구
청량,근린공원,서울특별시 성북구 화랑로32길 146-37,37.60635811,127.0539954,329290.0,성북구
개운산,근린공원,서울특별시 성북구 북악산로 949-73,37.59720671,127.0257184,208618.0,성북구
오동,근린공원,서울특별시 성북구 화랑로13가길 100,37.61064628,127.0404131,233989.7,성북구
길빛,근린공원,서울특별시 성북구 숭인로8길 52,37.60976006,127.0265188,146038.0,성북구
두레,소공원,서울특별시 성북구 서경로6길 41,37.60655851,127.0176651,287.0,성북구
길음골,소공원,서울특별시 성북구 길음로13길22,37.60944177,127.0193237,1244.0,성북구
매화,어린이공원,서울특별시 성북구 북악산로15길 42,37.60011962,127.0207412,1595.0,성북구
동망봉,어린이공원,서울특별시 성북구 보문사길 30,37.5838591,127.017073,6730.0,성북구
임금샘,어린이공원,서울특별시 송파구 양재대로71길 2010,37.51120967,127.125048,1500.3,송파구
오봉산,어린이공원,서울특별시 송파구 석촌호수로20길 13,37.50612827,127.1023092,1508.0,송파구
샛팽이,어린이공원,서울특별시 송파구 오금로42길 15,37.496755,127.1339104,1500.7,송파구
이태원어린이공원,어린이공원,서울특별시 용산구 회나무로6길 11-8,37.538407,126.989041,2858.0,용산구
동자어린이공원,어린이공원,서울특별시 용산구 한강대로104길 30-4,37.55008633,126.973945,712.0,용산구
늘푸른어린이공원,어린이공원,서울특별시 용산구 원효로41가길 14-19,37.53479369,126.956553,2300.0,용산구
새나라어린이공원,어린이공원,서울특별시 용산구 후암로13가길 25,37.548319,126.9763669,2340.0,용산구
효창공원,근린공원,서울특별시 용산구 임정로 26,37.544278,126.959255,171277.0,용산구
당산근린공원,근린공원,서울특별시 영등포구 당산로27길 12,37.52521794,126.8951468,11154.0,영등포구
신길근린공원,근린공원,서울특별시 영등포구 도림로80길 6,37.501712,126.905408,19604.0,영등포구
자매근린공원,근린공원,서울특별시 영등포구 의사당대로 지하 166,37.5180209,126.9309951,16458.0,영등포구
중마루근린공원,근린공원,서울특별시 영등포구 영등포로53길 14,37.519919,126.911497,6456.0,영등포구
영등포근린공원,근린공원,서울특별시 영등포구 신길로 275,37.516127,126.912126,61544.0,영등포구
신우어린이공원,어린이공원,서울특별시 영등포구 가마산로47길 13,37.503539,126.899081,3112.0,영등포구
동심어린이공원,어린이공원,서울특별시 영등포구 대림로35길 7,37.498712,126.897293,2820.0,영등포구
원지어린이공원,어린이공원,서울특별시 영등포구 도림로47길 28,37.497618,126.899642,4845.0,영등포구
조롱박어린이공원,어린이공원,서울특별시 영등포구 대림로 106,37.491332,126.903016,6969.0,영등포구
다사랑어린이공원,어린이공원,서울특별시 영등포구 대림로23가길 5,37.492834,126.899215,1632.0,영등포구
양남어린이공원,어린이공원,서울특별시 영등포구 선유로23길 18,37.523205,126.888303,1467.0,영등포구
자유어린이공원,어린이공원,서울특별시 영등포구 63로 45,37.521353,126.937326,5385.0,영등포구
평화어린이공원,어린이공원,서울특별시 영등포구 63로 45,37.52135273,126.9373261,4595.0,영등포구
중앙어린이공원,어린이공원,서울특별시 영등포구 영등포로35길 13,37.52147175,126.9032729,3671.0,영등포구
당산나루소공원,소공원,서울특별시 영등포구 당산로 205,37.532814,126.900128,1279.0,영등포구
도리미소공원,소공원,서울특별시 영등포구 도림로 112나길 4,37.509476,126.9021917,1859.0,영등포구
새싹어린이공원,어린이공원,서울특별시 용산구 이촌로14길 11-22,37.526961,126.954522,480.0,용산구
신계공원,역사공원,서울특별시 용산구 청파로 139-25,37.535079,126.966284,15000.0,용산구
돌모루어린이공원,어린이공원,서울특별시 용산구 원효로97길 50,37.542772,126.9685904,3447.0,용산구
이태원부군당,역사공원,서울특별시 용산구 녹사평대로40다길 33,37.535801,126.989755,2020.0,용산구
송파,근린공원,서울특별시 송파구 송파대로42길 29,37.50633354,127.110451,6621.2,송파구
소리,근린공원,서울특별시 송파구 법원로5길 3,37.4816116181,127.1199678258,36638.3,송파구
삼전,근린공원,서울특별시 송파구 백제고분로32길 630,37.50179286,127.0933328,6607.6,송파구
백토,근린공원,서울특별시 송파구 양재대로72길 478,37.50811694,127.132113,10024.1,송파구
방이,근린공원,서울특별시 송파구 백제고분로 489,37.51435318,127.1136443,6930.1,송파구
목련,근린공원,서울특별시 송파구 동남로24길 25,37.499035,127.138842,8127.4,송파구
마천,근린공원,서울특별시 송파구 성내천로23길 12,37.50128584,127.1456483,10962.5,송파구
누에머리,근린공원,서울특별시 송파구 동남로30길 29,37.50381027,127.141799,18607.5,송파구
건너말,근린공원,서울특별시 송파구 중대로10길 29,37.491603,127.123473,11327.8,송파구
거여,근린공원,서울특별시 송파구 오금로51길 20,37.497007,127.140981,16185.1,송파구
개롱,근린공원,서울특별시 송파구 동남로 178,37.493407,127.130026,21544.4,송파구
가락,근린공원,서울특별시 송파구 양재대로64길 42,37.498469,127.125124,27648.2,송파구
개미,어린이공원,서울특별시 송파구 오금로62길 133,37.4921999,127.146735,1500.4,송파구
개나리,어린이공원,서울특별시 송파구 새말로10길 316,37.482425,127.1283131,1312.2,송파구
천마,근린공원,서울특별시 송파구 성내천로35길 53,37.500386,127.158815,182420.0,송파구
장수,근린공원,서울특별시 송파구 충민로 120,37.480889,127.1304766,9949.0,송파구
잠실,근린공원,서울특별시 송파구 백제고분로15길 7,37.50621827,127.084165,6613.3,송파구
웃말,근린공원,서울특별시 송파구 송이로15길 41,37.50167671,127.123153,11098.2,송파구
오금,근린공원,서울특별시 송파구 동남로 263,37.499994,127.134853,219167.4,송파구
연화,근린공원,서울특별시 송파구 새말로15길 175,37.485159989,127.1297173897,14318.2,송파구
아시아,근린공원,서울특별시 송파구 올림픽로 44,37.51068203,127.0759347,66027.8,송파구
숯내,근린공원,서울특별시 송파구 중대로4길 4,37.48970385,127.111231,10206.5,송파구
송파나루,근린공원,"서울특별시 송파구 잠실로 180, 삼학사로 136",37.51210416,127.1077049,285757.6,송파구
색동,어린이공원,서울특별시 관악구 신림로70길 74,37.486533,126.932555,952.0,관악구
남부,어린이공원,서울특별시 관악구 남부순환로163가길 20,37.48480913,126.920679,990.0,관악구
예촌,어린이공원,서울특별시 관악구 남현길 41,37.47453441,126.9768782,1509.0,관악구
상록,어린이공원,서울특별시 관악구 승방3나길 14,37.472906,126.980544,1557.0,관악구
해태,어린이공원,서울특별시 관악구 서림3길 47,37.472323,126.940612,1359.0,관악구
상도근린공원,근린공원,서울특별시 관악구 국회단지길 144,37.491879,126.9414281,87458.0,관악구
새빛,어린이공원,서울특별시 관악구 신사로10길 29,37.486319,126.915149,875.0,관악구
새싹,어린이공원,서울특별시 관악구 양녕로6다길 11-4,37.484451,126.949378,1797.0,관악구
중앙,어린이공원,서울특별시 관악구 봉천로41길 35,37.484446,126.948278,977.0,관악구
선봉,어린이공원,서울특별시 관악구 봉천로27길 20,37.485144,126.939678,1021.0,관악구
문성,어린이공원,서울특별시 관악구 시흥대로164길 27,37.482015,126.9028913,988.0,관악구
신림근린공원,근린공원,서울특별시 관악구 남부순환로152길 53,37.480884,126.918234,90960.0,관악구
백설,어린이공원,서울특별시 관악구 관악로6길 50,37.476236,126.953512,1655.0,관악구
서원,어린이공원,서울특별시 관악구 서원3길 10,37.476815,126.933237,2324.0,관악구
국지,어린이공원,서울특별시 관악구 국회단지19길 23,37.490053,126.940606,1650.0,관악구
난우,어린이공원,서울특별시 관악구 난곡로61길 1,37.48039993,126.913959,960.0,관악구
약수암,어린이공원,서울특별시 관악구 약수암길 33,37.459512,126.932978,1680.0,관악구
밤골,어린이공원,서울특별시 관악구 인헌3가길 8,37.473919,126.967365,1119.0,관악구
까치,어린이공원,서울특별시 관악구 행운4길 2,37.479924,126.959507,1602.0,관악구
일선,어린이공원,서울특별시 관악구 쑥고개로26길 24,37.477823,126.949514,1244.0,관악구
보명,어린이공원,서울특별시 관악구 법원단지길 158-11,37.475841,126.925639,1319.0,관악구
마로니에공원,문화공원,서울특별시 종로구 대학로 104 (동숭동),37.580336,127.002513,5802.0,종로구
북한산공원,근린공원,서울특별시 종로구 북악산로 267,37.601976,126.980549,19902.4,종로구
숭인공원,근린공원,서울특별시 종로구 동망산길 150 (숭인동),37.57756126,127.0181626,45615.0,종로구
와룡공원,근린공원,서울특별시 종로구 와룡공원길 192 (명륜3가),37.591168,126.990122,204369.0,종로구
삼청공원,근린공원,서울특별시 종로구 북촌로 134-1 (삼청동),37.58769948,126.983451,468348.2,종로구
사직공원,근린공원,서울특별시 종로구 사직로9길 7 (사직동),37.57628582,126.9682319,168099.8,종로구
탑골공원,근린공원,서울특별시 종로구 종로 99 (종로2가),37.570612,126.9880601,14808.7,종로구
원서공원,근린공원,서울특별시 종로구 창덕궁길 19 (원서동),37.578234,126.988566,10004.6,종로구
창덕공원,근린공원,서울특별시 종로구 율곡로 99 (와룡동),37.578868,126.989712,491328.0,종로구
동묘공원,역사공원,서울특별시 종로구 난계로27길 84 (숭인동),37.573162,127.018284,8450.0,종로구
경희궁공원,역사공원,서울특별시 종로구 새문안로 55 (신문로2가),37.57176907,126.9679849,100930.0,종로구
신문로공원,어린이공원,서울특별시 종로구 신문로2가 160-1,37.569026,126.9724105,665.0,종로구
지봉골공원,어린이공원,서울특별시 종로구 지봉로13길 14 (창신동),37.578947,127.014468,2508.0,종로구
경학공원,어린이공원,서울특별시 종로구 성균관로5길 25-13 (명륜3가),37.584487,126.996902,3269.0,종로구
새마을공원,어린이공원,서울특별시 종로구 평창길 14-9 (평창동),37.606448,126.964642,397.0,종로구
명륜공원,어린이공원,서울특별시 종로구 혜화로9길 24-9 (명륜1가),37.588055,126.998279,1149.5,종로구
낙산공원,어린이공원,서울특별시 종로구 창신길 210-11 (창신동),37.579546,127.010184,660.0,종로구
서린공원,소공원,서울특별시 종로구 종로 30-1 (서린동),37.569989,126.980784,1398.0,종로구
