name,line,address,latitude,longitude,district_name
신사,신분당선,서울특별시 강남구 강남대로 620-2,37.5161252633129,127.019760916726,강남구
논현,신분당선,서울특별시 강남구 강남대로 492-2,37.5111153846379,127.021365807131,강남구
신논현,신분당선,서울특별시 강남구 강남대로 302-2,37.504555429592,127.024530640799,강남구
강남,신분당선,서울특별시 강남구 강남대로 지하 396,37.4973854397871,127.02787893753,강남구
양재(서초구청),신분당선,서울시 서초구 남부순환로 지하 2585,37.4844535239588,127.034099452522,
양재시민의숲(매헌),신분당선,서울특별시 서초구 매헌로 지하 116,37.4709638768813,127.038420263319,서초구
청계산입구,신분당선,서울특별시 서초구 청계산로 지하 179,37.4487148450701,127.054339616958,서초구
판교,신분당선,경기도 성남시 분당구 판교역로 지하 160,37.3957147534829,127.111210738619,
정자,신분당선,경기도 성남시 분당구 성남대로 지하 333,37.3682101915529,127.108385905864,
미금,신분당선,경기도 성남시 성남대로 지하 163 (금곡동),37.3511833209472,127.108902778591,
동천,신분당선,경기도 용인시 수지구 신수로 지하760,37.3386841329961,127.102793673668,
수지구청,신분당선,경기도 용인시 수지구 풍덕천로 지하120,37.3230089609191,127.095581285703,
성복,신분당선,경기도 용인시 수지구 수지로 지하134,37.3140425091456,127.080757826931,
광교(경기대),신분당선,경기도 수원시 영통구 대학로 55 신분당선 광교역,37.3017347422146,127.044856131638,
서울,인천국제공항선,서울특별시 용산구 청파로 378,37.55301784,126.9697643,용산구
공덕,인천국제공항선,서울특별시 마포구 마포대로 92,37.5427105,126.9516296,마포구
홍대입구,인천국제공항선,서울특별시 마포구 양화로 188,37.55774103,126.9264939,마포구
디지털미디어시티,인천국제공항선,서울특별시 마포구 성암로 184,37.577355,126.898025,마포구
마곡나루,인천국제공항선,서울특별시 강서구 마곡중앙로 지하 135,37.56581914,126.8276358,강서구
김포공항,인천국제공항선,서울특별시 강서구 하늘길 77,37.56211652,126.8015442,강서구
계양,인천국제공항선,인천광역시 계양구 다남로 24,37.571769,126.736319,
동구릉,8호선,인창동 679-8 일원(구리도매시장),37.610556,127.135056,
구리(구리전통시장),8호선,인창동 675-1 일원(구리역공원),37.60256,127.14073,
장자호수공원,8호선,수택동 870-3 일원(장자2사거리),37.587222,127.13793,
걸포북변역,김포도시철도,경기도 김포시 김포대로 지하 1040,37.631639,126.70575,
사우역,김포도시철도,경기도 김포시 김포대로 지하 852,37.620361,126.719722,
풍무역,김포도시철도,경기도 김포시 김포대로 지하 710,37.612333,126.732583,
고촌역,김포도시철도,경기도 김포시 고촌읍 김포대로 지하 350,37.60125,126.770361,
김포공항역,김포도시철도,서울특별시 강서구 하늘길 지하 77,37.562309,126.801833,강서구
샛강,수도권 경량도시철도 신림선,서울특별시 영등포구 의사당대로 지하166 (여의도동),37.517219937,126.929403964,영등포구
대방,수도권 경량도시철도 신림선,서울특별시 영등포구 여의대방로 300 (신길동),37.512840166,126.925316781,영등포구
서울지방병무청,수도권 경량도시철도 신림선,서울특별시 동작구 여의대방로 지하218 (대방동),37.50604687,126.922783404,동작구
보라매,수도권 경량도시철도 신림선,서울특별시 동작구 상도로 지하2 (대방동),37.500312709,126.920485864,동작구
보라매공원,수도권 경량도시철도 신림선,서울특별시 동작구 여의대방로20길 지하11 (신대방동),37.495225405,126.918258811,동작구
보라매병원,수도권 경량도시철도 신림선,서울특별시 동작구 보라매로5길 지하24 (신대방동),37.4929607,126.923886,동작구
당곡,수도권 경량도시철도 신림선,서울특별시 관악구 보라매로 6 (봉천동),37.490039105,126.927568759,관악구
신림,수도권 경량도시철도 신림선,서울특별시 관악구 남부순환로 지하1614 (신림동),37.484890755,126.92960992,관악구
서원,수도권 경량도시철도 신림선,서울특별시 관악구 신림로 258 (신림동),37.47827336,126.933228219,관악구
서울대벤처타운,수도권 경량도시철도 신림선,서울특별시 관악구 신림로 144 (신림동),37.47204068,126.933976556,관악구
관악산,수도권 경량도시철도 신림선,서울특별시 관악구 신림로 23 (신림동),37.46916896,126.944954837,관악구
진접역,진접선,경기도 남양주시 진접읍 경복대로 지하 244,37.720472,127.203167,
오남역,진접선,경기도 남양주시 오남읍 진건오남로 지하 929,37.7054056,127.191644,
별내별가람역,진접선,경기도 남양주시 별내3로 지하 345,37.667833,127.116167,
별내역,수도권 광역철도 8호선,경기도 남양주시 경춘북로 375(별내동),37.642517,127.1273,
다산역,수도권 광역철도 8호선,경기도 남양주 다산중앙로 123번길(다산동),37.62437,127.1498,
청량리(서울시립대입구),1호선,서울특별시 동대문구 왕산로 지하205(전농동),37.580148,127.045063,동대문구
제기동,1호선,서울특별시 동대문구 왕산로 지하93(제기동),37.578116,127.034902,동대문구
신설동,1호선,서울특별시 동대문구 왕산로 지하1(신설동),37.576117,127.02471,동대문구
동묘앞,1호선,서울특별시 종로구 종로 359(숭인동),37.573265,127.016459,종로구
동대문,1호선,서울특별시 종로구 종로 지하302(창신동),37.571646,127.01069,종로구
종로5가,1호선,서울특별시 종로구 종로 지하216(종로5가),37.570971,127.0019,종로구
종로3가,1호선,서울특별시 종로구 종로 지하129(종로3가),37.570429,126.992095,종로구
종각,1호선,서울특별시 종로구 종로 지하55(종로1가),37.570203,126.983116,종로구
시청,1호선,서울특별시 중구 세종대로 지하101(정동),37.565211,126.977207,중구
서울역,1호선,서울특별시 중구 세종대로 지하2(남대문로 5가),37.55585,126.972103,중구
시청,2호선,서울특별시 중구 서소문로 지하127(서소문동),37.563534,126.975271,중구
을지로입구,2호선,서울특별시 중구 을지로 지하42(을지로1가),37.565998,126.982569,중구
을지로3가,2호선,서울특별시 중구 을지로 지하106(을지로3가),37.566292,126.990873,중구
을지로4가,2호선,서울특별시 중구 을지로 지하178(을지로4가),37.566611,126.997622,중구
동대문역사문화공원(DDP),2호선,서울특별시 중구 을지로 지하279(을지로7가),37.565609,127.009083,중구
신당,2호선,서울특별시 중구 퇴계로 지하431-1(신당동),37.565675,127.0194259,중구
상왕십리,2호선,서울특별시 성동구 왕십리로 지하374(하왕십리동),37.564444,127.029322,성동구
왕십리(성동구청),2호선,서울특별시 성동구 왕십리로 지하300(행당동),37.561289,127.0370615,성동구
한양대,2호선,서울특별시 성동구 왕십리로 206(행당동),37.555758,127.0436594,성동구
뚝섬,2호선,서울특별시 성동구 아차산로 18(성수동1가),37.54718,127.047413,성동구
성수,2호선,서울특별시 성동구 아차산로 100(성수동2가),37.544628,127.055983,성동구
건대입구,2호선,서울특별시 광진구 아차산로 243(화양동),37.540408,127.069231,광진구
구의(광진구청),2호선,서울특별시 광진구 아차산로 384-1(구의동),37.537157,127.0862124,광진구
강변(동서울터미널),2호선,서울특별시 광진구 강변역로 53(구의동),37.535161,127.094684,광진구
잠실나루,2호선,서울특별시 송파구 오금로 20(신천동),37.520688,127.103836,송파구
잠실(송파구청),2호선,서울특별시 송파구 올림픽로 지하265(신천동),37.513305,127.100129,송파구
잠실새내,2호선,서울특별시 송파구 올림픽로 지하140(잠실동),37.511653,127.086224,송파구
종합운동장,2호선,서울특별시 송파구 올림픽로 지하23(잠실동),37.511128,127.073841,송파구
삼성(무역센터),2호선,서울특별시 강남구 테헤란로 지하538(삼성동),37.508827,127.063203,강남구
선릉,2호선,서울특별시 강남구 테헤란로 지하340(삼성동),37.504257,127.048174,강남구
역삼,2호선,서울특별시 강남구 테헤란로 지하156(역삼동),37.500658,127.03643,강남구
강남,2호선,서울특별시 강남구 강남대로 지하396(역삼동),37.49805,127.02795,강남구
교대(법원·검찰청),2호선,서울특별시 서초구 서초대로 지하294(서초동),37.493957,127.014431,서초구
서초,2호선,서울특별시 서초구 서초대로 지하233(서초동),37.49191,127.007685,서초구
방배,2호선,서울특별시 서초구 방배로 지하80(방배동),37.481469,126.997627,서초구
사당,2호선,서울특별시 동작구 남부순환로 지하2089(사당동),37.476536,126.981631,동작구
낙성대(강감찬),2호선,서울특별시 관악구 남부순환로 지하1928(봉천동),37.47713,126.963583,관악구
서울대입구(관악구청),2호선,서울특별시 관악구 남부순환로 지하1822(봉천동),37.481233,126.952745,관악구
봉천,2호선,서울특별시 관악구 남부순환로 지하1721(봉천동),37.482416,126.941696,관악구
신림,2호선,서울특별시 관악구 남부순환로 지하1614(신림동),37.484216,126.929573,관악구
신대방,2호선,서울특별시 동작구 대림로 2(신대방동),37.487604,126.913479,동작구
구로디지털단지,2호선,서울특별시 구로구 도림천로 477(구로동),37.4852931,126.901456,구로구
대림(구로구청),2호선,서울특별시 구로구 도림천로 351(구로동),37.4932826,126.8949793,구로구
신도림,2호선,서울특별시 구로구 새말로 지하 117-21(신도림동),37.508815,126.891222,구로구
문래,2호선,서울특별시 영등포구 당산로 지하28(문래동3가),37.517993,126.894766,영등포구
영등포구청,2호선,서울특별시 영등포구 당산로 지하121(당산동3가),37.525766,126.896627,영등포구
당산,2호선,서울특별시 영등포구 당산로 229(당산동6가),37.534807,126.902611,영등포구
합정,2호선,서울특별시 마포구 양화로 지하55(서교동),37.550025,126.914557,마포구
홍대입구,2호선,서울특별시 마포구 양화로 지하160(동교동),37.556748,126.923643,마포구
신촌(지하),2호선,서울특별시 마포구 신촌로 지하90(노고산동),37.555153,126.93689,마포구
이대,2호선,서울특별시 마포구 신촌로 지하180(염리동),37.556734,126.945897,마포구
아현,2호선,서울특별시 마포구 신촌로 지하270(아현동),37.557407,126.956079,마포구
충정로(경기대입구),2호선,서울특별시 서대문구 서소문로 지하17(충정로3가),37.559742,126.964455,서대문구
지축,3호선,경기도 고양시 덕양구 삼송로 300(지축동),37.648151,126.913751,
구파발,3호선,서울특별시 은평구 진관2로 지하15-25 (진관동),37.636612,126.918827,은평구
연신내,3호선,서울특별시 은평구 통일로 지하849(갈현동),37.619295,126.920959,은평구
불광,3호선,서울특별시 은평구 통일로 지하723-1(대조동),37.610154,126.930183,은평구
녹번,3호선,서울특별시 은평구 통일로 지하602-1(녹번동),37.600882,126.935758,은평구
홍제,3호선,서울특별시 서대문구 통일로 지하440-1(홍제동),37.588851,126.944092,서대문구
무악재,3호선,서울특별시 서대문구 통일로 지하361(홍제동),37.582658,126.950131,서대문구
독립문,3호선,서울특별시 서대문구 통일로 지하247(현저동),37.574534,126.957902,서대문구
경복궁(정부서울청사),3호선,서울특별시 종로구 사직로 지하130(적선동),37.575844,126.973576,종로구
안국,3호선,서울특별시 종로구 율곡로 지하62(안국동),37.576562,126.98547,종로구
종로3가,3호선,서울특별시 종로구 돈화문로 지하30(묘동),37.571537,126.991837,종로구
을지로3가,3호선,서울특별시 중구 을지로 지하129(을지로3가),37.566299,126.992616,중구
충무로,3호선,서울특별시 중구 퇴계로 지하214(필동2가),37.561382,126.994173,중구
동대입구,3호선,서울특별시 중구 동호로 지하256(장충동2가),37.55906,127.005273,중구
약수,3호선,서울특별시 중구 다산로 지하122(신당동),37.554554,127.010858,중구
금호,3호선,서울특별시 성동구 동호로 지하104(금호동4가),37.548269,127.015785,성동구
옥수,3호선,서울특별시 성동구 동호로 21(옥수동),37.541653,127.017303,성동구
압구정,3호선,서울특별시 강남구 압구정로 지하172(신사동),37.526169,127.028502,강남구
신사,3호선,서울특별시 강남구 도산대로 지하102(신사동),37.516438,127.020247,강남구
잠원,3호선,서울특별시 서초구 잠원로4길 지하46(잠원동),37.512989,127.011613,서초구
고속터미널,3호선,서울특별시 서초구 신반포로 지하188(반포동),37.504953,127.004916,서초구
교대(법원·검찰청),3호선,서울특별시 서초구 서초대로 지하294(서초동),37.49306,127.013796,서초구
남부터미널(예술의전당),3호선,서울특별시 서초구 서초중앙로 지하31(서초동),37.48494,127.016289,서초구
양재(서초구청),3호선,서울특별시 서초구 남부순환로 지하2585(서초동),37.48458,127.03423,서초구
매봉,3호선,서울특별시 강남구 남부순환로 지하2744(도곡동),37.487114,127.046907,강남구
도곡,3호선,서울특별시 강남구 남부순환로 지하2814(도곡동),37.491129,127.055694,강남구
대치,3호선,서울특별시 강남구 남부순환로 지하2952(대치동),37.494601,127.063449,강남구
학여울,3호선,서울특별시 강남구 남부순환로 지하3104(대치동),37.496787,127.0708601,강남구
대청,3호선,서울특별시 강남구 일원로 지하2(일원동),37.493607,127.079526,강남구
일원,3호선,서울특별시 강남구 일원로 지하121(일원동),37.48389,127.08416,강남구
수서,3호선,서울특별시 강남구 광평로 지하270(수서동),37.4875,127.101924,강남구
가락시장,3호선,서울특별시 송파구 송파대로 지하257(가락동),37.492318,127.1177,송파구
경찰병원,3호선,서울특별시 송파구 중대로 지하149(가락동),37.495754,127.124198,송파구
오금,3호선,서울특별시 송파구 오금로 지하321(오금동),37.502288,127.128344,송파구
불암산,4호선,서울특별시 노원구 상계로 305(상계동),37.67009,127.079004,노원구
상계,4호선,서울특별시 노원구 상계로 182(상계동),37.660576,127.073199,노원구
노원,4호선,서울특별시 노원구 상계로 69-1(상계동),37.656274,127.063183,노원구
창동,4호선,서울특별시 도봉구 마들로11길 77(창동),37.653315,127.048304,도봉구
쌍문,4호선,서울특별시 도봉구 도봉로 지하 486-1(창동),37.648274,127.034381,도봉구
수유(강북구청),4호선,서울특별시 강북구 도봉로 지하338(수유동),37.637727,127.025371,강북구
미아(서울사이버대학),4호선,서울특별시 강북구 도봉로 지하198(미아동),37.626435,127.026151,강북구
미아사거리,4호선,서울특별시 강북구 도봉로 지하50(미아동),37.613276,127.030083,강북구
길음,4호선,서울특별시 성북구 동소문로 지하248(길음동),37.603387,127.025053,성북구
성신여대입구(돈암),4호선,서울특별시 성북구 동소문로 지하102(동선동4가),37.592882,127.016908,성북구
한성대입구(삼선교),4호선,서울특별시 성북구 삼선교로 지하1(삼선동1가),37.58838,127.005951,성북구
혜화,4호선,서울특별시 종로구 대학로 지하120(명륜4가),37.582116,127.001929,종로구
동대문,4호선,서울특별시 종로구 율곡로 지하308(종로6가),37.57099,127.00925,종로구
동대문역사문화공원(DDP),4호선,서울특별시 중구 장충단로 지하230(광희동2가),37.565141,127.007808,중구
충무로,4호선,서울특별시 중구 퇴계로 지하214(필동2가),37.561352,126.994573,중구
명동,4호선,서울특별시 중구 퇴계로 지하126(충무로2가),37.560955,126.986271,중구
회현(남대문시장),4호선,서울특별시 중구 퇴계로 지하54(남창동),37.558698,126.978346,중구
서울역,4호선,서울특별시 용산구 한강대로 지하392(동자동),37.553172,126.972706,용산구
숙대입구(갈월),4호선,서울특별시 용산구 한강대로 지하306(갈월동),37.5447834,126.9721,용산구
삼각지(전쟁기념관),4호선,서울특별시 용산구 한강대로 지하180(한강로1가),37.534457,126.972992,용산구
신용산,4호선,서울특별시 용산구 한강대로 지하112(한강로2가),37.52909,126.96788,용산구
이촌(국립중앙박물관),4호선,서울특별시 용산구 서빙고로 지하83(용산동5가),37.52919,126.9679818,용산구
동작(현충원),4호선,서울특별시 동작구 현충로 257(동작동),37.503567,126.980171,동작구
총신대입구(이수),4호선,서울특별시 동작구 동작대로 지하117(사당동),37.487521,126.982309,동작구
사당,4호선,서울특별시 동작구  동작대로 지하3(사당동),37.476263,126.981636,동작구
남태령,4호선,서울특별시 서초구 과천대로 지하816(방배동),37.464339,126.989081,서초구
방화,5호선,서울특별시 강서구 금낭화로 지하132(방화동),37.577669,126.812822,강서구
개화산,5호선,서울특별시 강서구 양천로 22(방화동),37.572458,126.806838,강서구
김포공항,5호선,서울특별시 강서구 하늘길 지하77(방화동),37.56217,126.801273,강서구
송정,5호선,서울특별시 강서구 공항대로 지하33(공항동),37.561201,126.812052,강서구
마곡,5호선,서울특별시 강서구 공항대로 지하163(마곡동),37.55865,126.837693,강서구
발산,5호선,서울특별시 강서구 공항대로 지하267(마곡동),37.558692,126.837633,강서구
우장산,5호선,서울특별시 강서구 강서로 지하262(화곡동),37.548864,126.83633,강서구
화곡,5호선,서울특별시 강서구 화곡로 지하168(화곡동),37.541585,126.840436,강서구
까치산,5호선,서울특별시 강서구 강서로 지하54(화곡동),37.5322,126.84645,강서구
신정(은행정),5호선,서울특별시 양천구 오목로 지하179(신정동),37.525001,126.856176,양천구
목동,5호선,서울특별시 양천구 오목로 지하245(목동),37.526088,126.864296,양천구
오목교(목동운동장앞),5호선,서울특별시 양천구 오목로 지하342(목동),37.524557,126.875049,양천구
양평,5호선,서울특별시 영등포구 양산로 지하21(양평동2가),37.525614,126.886177,영등포구
영등포구청,5호선,서울특별시 영등포구 양산로 지하116(당산동3가),37.524209,126.895022,영등포구
영등포시장,5호선,서울특별시 영등포구 양산로 지하200(영등포동5가),37.52276,126.905143,영등포구
신길,5호선,서울특별시 영등포구 경인로114가길 지하9(영등포동1가),37.51763,126.914886,영등포구
여의도,5호선,서울특별시 영등포구 여의나루로 지하40(여의도동),37.521678,126.924318,영등포구
여의나루,5호선,서울특별시 영등포구 여의동로 지하343(여의도동),37.527045,126.932807,영등포구
마포,5호선,서울특별시 마포구 마포대로 지하33(도화동),37.539718,126.946043,마포구
공덕,5호선,서울특별시 마포구 마포대로 지하100(공덕동),37.544005,126.951058,마포구
애오개,5호선,서울특별시 마포구 마포대로 지하210(아현동),37.553592,126.956733,마포구
충정로(경기대입구),5호선,서울특별시 서대문구 충정로 지하 28-1(충정로3가),37.560061,126.962783,서대문구
서대문,5호선,서울특별시 종로구 통일로 지하126(평동),37.565812,126.966639,종로구
광화문(세종문화회관),5호선,서울특별시 종로구 세종대로 지하172(세종로),37.571645,126.976568,종로구
종로3가(탑골공원),5호선,서울특별시 종로구 돈화문로11길 지하 26(돈의동),37.572546,126.990447,종로구
을지로4가,5호선,서울특별시 중구 창경궁로 지하51(주교동),37.56728,126.998127,중구
동대문역사문화공원(DDP),5호선,서울특별시 중구 마른내로 지하162(광희동1가),37.564682,127.00533,중구
청구,5호선,서울특별시 중구 청구로 지하77(신당동),37.560237,127.01379,중구
신금호,5호선,서울특별시 성동구 금호로 지하154(금호동2가),37.554504,127.020403,성동구
행당,5호선,서울특별시 성동구 행당로 지하89(행당동),37.557297,127.029482,성동구
왕십리(성동구청),5호선,서울특별시 성동구 왕십리로 지하300(행당동),37.56197,127.037264,성동구
마장,5호선,서울특별시 성동구 마장로 지하296(마장동),37.566066,127.042921,성동구
답십리,5호선,서울특별시 성동구 천호대로 지하300(용답동),37.566833,127.05266,성동구
장한평,5호선,서울특별시 동대문구 천호대로 지하405(장안동),37.561438,127.064601,동대문구
군자(능동),5호선,서울특별시 광진구 천호대로 지하550(능동),37.557102,127.079559,광진구
아차산(어린이대공원후문),5호선,서울특별시 광진구 천호대로 지하657(능동),37.552005,127.089609,광진구
광나루(장신대),5호선,서울특별시 광진구 아차산로 지하571(광장동),37.545301,127.103478,광진구
천호(풍납토성),5호선,서울특별시 강동구 천호대로 지하997(천호동),37.538566,127.123539,강동구
강동,5호선,서울특별시 강동구 천호대로 지하1097(천호동),37.53581,127.13249,강동구
길동,5호선,서울특별시 강동구 양재대로 지하1480(길동),37.538022,127.140085,강동구
굽은다리(강동구민회관앞),5호선,서울특별시 강동구 양재대로 지하1572(명일동),37.545442,127.142844,강동구
명일,5호선,서울특별시 강동구 양재대로 지하1632(명일동),37.551317,127.144002,강동구
고덕,5호선,서울특별시 강동구 고덕로 지하253(고덕동),37.555002,127.154214,강동구
상일동,5호선,서울특별시 강동구 고덕로 지하359(상일동),37.556714,127.166381,강동구
강일,5호선,서울특별시 강동구 고덕로 지하456(강일동),37.557521,127.176018,강동구
미사,5호선,경기도 하남시 미사강변동로 지하90(망월동),37.56309,127.192954,
하남풍산,5호선,경기도 하남시 덕풍서로 지하50(덕풍동),37.552201,127.203897,
하남시청(덕풍∙신장),5호선,경기도 하남시 하남대로 지하820(덕풍동),37.541723,127.206901,
하남검단산,5호선,경기도 하남시 대청로 지하100(창우동),37.539729,127.223427,
응암,6호선,서울특별시 은평구 증산로 지하477(신사동),37.59859,126.915583,은평구
역촌,6호선,서울특별시 은평구 서오릉로 지하63(녹번동),37.60605,126.922764,은평구
불광,6호선,서울특별시 은평구 통일로 지하723-1(대조동),37.610919,126.929504,은평구
독바위,6호선,서울특별시 은평구 불광로 지하129-1(불광동),37.618413,126.933035,은평구
연신내,6호선,서울특별시 은평구 통일로 지하849(갈현동),37.618483,126.920403,은평구
구산,6호선,서울특별시 은평구 연서로 지하137-1(구산동),37.611196,126.9172519,은평구
새절(신사),6호선,서울특별시 은평구 증산로 지하400(신사동),37.591148,126.913613,은평구
증산(명지대앞),6호선,서울특별시 은평구 증산로 지하306(증산동),37.583989,126.909785,은평구
디지털미디어시티,6호선,서울특별시 은평구 수색로 지하175(증산동),37.5760805,126.901343,은평구
월드컵경기장(성산),6호선,서울특별시 마포구 월드컵로 지하240(성산동),37.569439,126.899077,마포구
마포구청,6호선,서울특별시 마포구 월드컵로 지하190(성산동),37.563529,126.903356,마포구
망원,6호선,서울특별시 마포구 월드컵로 지하77(망원동),37.556031,126.910129,마포구
합정,6호선,서울특별시 마포구 양화로 지하45(합정동),37.549033,126.913546,마포구
상수,6호선,서울특별시 마포구 독막로 지하85(상수동),37.547704,126.92292,마포구
광흥창(서강),6호선,서울특별시 마포구 독막로 지하165(창전동),37.547464,126.931971,마포구
대흥(서강대앞),6호선,서울특별시 마포구 대흥로 지하85(대흥동),37.547732,126.942214,마포구
공덕,6호선,서울특별시 마포구 백범로 지하200(공덕동),37.543592,126.951664,마포구
효창공원앞,6호선,서울특별시 용산구 백범로 지하287(효창동),37.539279,126.961348,용산구
삼각지(전쟁기념관),6호선,서울특별시 용산구 한강대로 지하185(한강로1가),37.535563,126.973996,용산구
녹사평(용산구청),6호선,서울특별시 용산구 녹사평대로 지하195(용산동4가),37.53469,126.98665,용산구
이태원,6호선,서울특별시 용산구 이태원로 지하177(이태원동),37.534485,126.994369,용산구
한강진,6호선,서울특별시 용산구 이태원로 지하287(한남동),37.53956,127.001729,용산구
버티고개,6호선,서울특별시 중구 다산로 지하38(신당동),37.547933,127.006948,중구
약수,6호선,서울특별시 중구 다산로 지하115(신당동),37.554087,127.010237,중구
청구,6호선,서울특별시 중구 청구로 지하77(신당동),37.560221,127.013776,중구
신당,6호선,서울특별시 중구 다산로 지하260(흥인동),37.566174,127.016158,중구
동묘앞,6호선,서울특별시 종로구 지봉로 지하24(숭인동),37.572275,127.015666,종로구
창신,6호선,서울특별시 종로구 지봉로 지하112(창신동),37.579772,127.015246,종로구
보문,6호선,서울특별시 성북구 보문로 지하116(보문동1가),37.585426,127.019722,성북구
안암(고대병원앞),6호선,서울특별시 성북구 고려대로 지하89(안암동5가),37.586261,127.02903,성북구
고려대(종암),6호선,서울특별시 성북구 종암로 지하1(종암동),37.59034,127.03626,성북구
월곡(동덕여대),6호선,서울특별시 성북구 월곡로 지하107(하월곡동),37.60192,127.041492,성북구
상월곡(한국과학기술연구원),6호선,서울특별시 성북구 화랑로 지하157(상월곡동),37.606392,127.048509,성북구
돌곶이,6호선,서울특별시 성북구 화랑로 지하243(석관동),37.610522,127.056419,성북구
석계,6호선,서울특별시 노원구 화랑로 지하 347-1(월계동),37.614937,127.065922,노원구
태릉입구,6호선,서울특별시 노원구 동일로 지하 992-1(공릉동),37.617319,127.074741,노원구
화랑대(서울여대입구),6호선,서울특별시 노원구 화랑로 지하510(공릉동),37.619875,127.084106,노원구
봉화산(서울의료원),6호선,서울특별시 중랑구 신내로 지하232(신내동),37.617429,127.0912326,중랑구
신내,6호선,서울특별시 중랑구 용마산로136길 33 신내차량기지,37.612571,127.104326,중랑구
장암,7호선,경기도 의정부시 동일로 121(장암동),37.70015,127.053126,
도봉산,7호선,서울특별시 도봉구 도봉로 964-40(도봉동),37.689131,127.046548,도봉구
수락산,7호선,서울특별시 노원구 동일로 지하1662(상계동),37.677804,127.055314,노원구
마들,7호선,서울특별시 노원구 동일로 지하1530-1(상계동),37.664985,127.057701,노원구
노원,7호선,서울특별시 노원구 동일로 지하1409(상계동),37.654478,127.060555,노원구
중계,7호선,서울특별시 노원구 동일로 지하1308-1(중계동),37.645052,127.064084,노원구
하계,7호선,서울특별시 노원구 동일로 지하1196(하계동),37.636363,127.067999,노원구
공릉(서울과학기술대),7호선,서울특별시 노원구 동일로 지하1074(공릉동),37.625642,127.072969,노원구
태릉입구,7호선,서울특별시 노원구 동일로 지하 992-1(공릉동),37.618519,127.075361,노원구
먹골,7호선,서울특별시 중랑구 동일로 지하901(묵동),37.610638,127.077719,중랑구
중화,7호선,서울특별시 중랑구 동일로 지하797(중화동),37.602604,127.079254,중랑구
상봉,7호선,서울특별시 중랑구 망우로 297(상봉동),37.595673,127.085708,중랑구
면목,7호선,서울특별시 중랑구 면목로 지하407(면목동),37.588671,127.087503,중랑구
사가정,7호선,서울특별시 중랑구 사가정로 지하393(면목동),37.580912,127.088502,중랑구
용마산(용마폭포공원),7호선,서울특별시 중랑구 용마산로 지하227(면목동),37.573752,127.086802,중랑구
중곡,7호선,서울특별시 광진구 능동로 지하417(중곡동),37.565877,127.084291,광진구
군자(능동),7호선,서울특별시 광진구 천호대로 지하550(능동),37.557151,127.079484,광진구
어린이대공원(세종대),7호선,서울특별시 광진구 능동로 지하210(화양동),37.547962,127.07465,광진구
건대입구,7호선,서울특별시 광진구 능동로 지하110(화양동),37.540882,127.071103,광진구
자양(뚝섬한강공원),7호선,서울특별시 광진구 능동로 10(자양동),37.531558,127.066714,광진구
청담,7호선,서울특별시 강남구 학동로 지하508(청담동),37.519097,127.051851,강남구
강남구청,7호선,서울특별시 강남구 학동로 지하346(삼성동),37.517185,127.04122,강남구
학동,7호선,서울특별시 강남구 학동로 지하180(논현동),37.514262,127.031738,강남구
논현,7호선,서울특별시 강남구 학동로 지하102(논현동),37.511108,127.021385,강남구
반포,7호선,서울특별시 서초구 신반포로 지하241(잠원동),37.508171,127.011717,서초구
고속터미널,7호선,서울특별시 서초구 신반포로 지하188(반포동),37.503387,127.005055,서초구
내방,7호선,서울특별시 서초구 서초대로 지하103(방배동),37.48764,126.993541,서초구
이수,7호선,서울특별시 동작구 사당로 지하310(사당동),37.485258,126.981766,동작구
총신대입구(이수),7호선,서울특별시 동작구 사당로 지하310(사당동),37.485258,126.981766,동작구
남성,7호선,서울특별시 동작구 사당로 지하218(사당동),37.484688,126.971108,동작구
숭실대입구(살피재),7호선,서울특별시 동작구 상도로 지하378(상도동),37.496258,126.953649,동작구
상도,7호선,서울특별시 동작구 상도로 지하272(상도1동),37.50279,126.947949,동작구
장승배기,7호선,서울특별시 동작구 상도로 지하188(상도동),37.504845,126.939025,동작구
신대방삼거리,7호선,서울특별시 동작구 상도로 지하76(대방동),37.499717,126.928218,동작구
보라매,7호선,서울특별시 동작구 상도로 지하2(대방동),37.499916,126.920112,동작구
신풍,7호선,서울특별시 영등포구 신풍로 지하27(신길동),37.500107,126.909806,영등포구
대림(구로구청),7호선,서울특별시 영등포구 도림로 지하137(대림동),37.492984,126.896997,영등포구
남구로,7호선,서울특별시 구로구 도림로 지하7(구로동),37.486181,126.887372,구로구
가산디지털단지,7호선,서울특별시 금천구 벚꽃로 309(가산동),37.480376,126.882704,금천구
철산,7호선,경기도 광명시 철산로 지하13(철산동),37.47616,126.868217,
광명사거리,7호선,경기도 광명시 오리로 지하980(광명동),37.47927,126.854854,
천왕,7호선,서울특별시 구로구 오리로 지하1154(천왕동),37.486699,126.838684,구로구
온수(성공회대입구),7호선,서울특별시 구로구 경인로3길 지하64(온수동),37.492059,126.823294,구로구
암사역사공원,8호선,서울시 강동구 아리수로 27번길 2,37.557167,127.137556,
암사,8호선,서울특별시 강동구 올림픽로 지하776(암사동),37.550127,127.127521,강동구
천호(풍납토성),8호선,서울특별시 강동구 천호대로 지하997(천호동),37.53792,127.123179,강동구
강동구청,8호선,서울특별시 강동구 올림픽로 지하550(성내동),37.530348,127.120461,강동구
몽촌토성(평화의문),8호선,서울특별시 송파구 올림픽로 지하383(신천동),37.517692,127.11274,송파구
잠실(송파구청),8호선,서울특별시 송파구 올림픽로 305(신천동),37.514649,127.104267,송파구
석촌,8호선,서울특별시 송파구 송파대로 지하439(석촌동),37.505396,127.106995,송파구
송파,8호선,서울특별시 송파구 송파대로 지하354(가락동),37.49978,127.11212,송파구
가락시장,8호선,서울특별시 송파구 송파대로 지하257(가락동),37.493004,127.118279,송파구
문정,8호선,서울특별시 송파구 송파대로 지하179(문정동),37.485931,127.122473,송파구
장지,8호선,서울특별시 송파구 송파대로 지하82(장지동),37.478609,127.126229,송파구
복정,8호선,서울특별시 송파구 송파대로 지하6(장지동),37.471016,127.126746,송파구
남위례,8호선,경기도 성남시 수정구 공원로 601(복정동),37.462839,127.139047,
산성,8호선,경기도 성남시 수정구 수정로 지하365(신흥동),37.456886,127.149927,
남한산성입구(성남법원·검찰청),8호선,경기도 성남시 수정구 산성대로 지하445(단대동),37.451568,127.159845,
단대오거리,8호선,경기도 성남시 수정구 산성대로 지하365(신흥동),37.445057,127.156735,
신흥,8호선,경기도 성남시 수정구 산성대로 지하280(신흥동),37.440952,127.14759,
수진,8호선,경기도 성남시 수정구 산성대로 지하200(수진동),37.437575,127.140936,
모란,8호선,경기도 성남시 수정구 산성대로 지하100(수진동),37.433988,127.129921,
용답,2호선,서울특별시 성동구 용답길 86(용답동),37.562066,127.05087863,성동구
신답,2호선,서울특별시 성동구 천호대로 232(용답동),37.569847,127.047048,성동구
용두(동대문구청),2호선,서울특별시 동대문구 천호대로 지하129(용두동),37.574012,127.03811,동대문구
신설동,2호선,서울특별시 동대문구 왕산로 지하 1(신설동),37.574653,127.025158,동대문구
도림천,2호선,서울특별시 구로구 경인로67길 160(신도림동),37.5145589,126.882586,구로구
양천구청,2호선,서울특별시 양천구 목동로3길 지하33(신정동),37.5123294,126.865593,양천구
신정네거리,2호선,서울특별시 양천구 중앙로 지하261(신정동),37.520218,126.852849,양천구
둔촌동,5호선,서울특별시 강동구 양재대로 지하1369(둔촌동),37.527787,127.136219,강동구
올림픽공원(한국체대),5호선,서울특별시 송파구 양재대로 지하1233(방이동),37.516217,127.130957,송파구
방이,5호선,서울특별시 송파구 양재대로 지하1127(방이동),37.508752,127.126054,송파구
오금,5호선,서울특별시 송파구 오금로 지하321(오금동),37.502228,127.127701,송파구
개롱,5호선,서울특별시 송파구 오금로 지하402(가락동),37.498097,127.134817,송파구
거여,5호선,서울특별시 송파구 오금로 지하499(거여동),37.493208,127.143983,송파구
마천,5호선,서울특별시 송파구 마천로57길 지하7(마천동),37.494972,127.152784,송파구
언주,수도권  도시철도 9호선,서울특별시 강남구 봉은사로 201,37.507287,127.033868,강남구
선정릉,수도권  도시철도 9호선,서울특별시 강남구 선릉로 580,37.51028,127.0437593,강남구
삼성중앙,수도권  도시철도 9호선,서울특별시 강남구 봉은사로 501,37.513011,127.053282,강남구
봉은사,수도권  도시철도 9호선,서울특별시 강남구 봉은사로 601,37.514219,127.060245,강남구
종합운동장,수도권  도시철도 9호선,서울특별시 송파구 올림픽로 23,37.511156,127.076917,송파구
삼전,수도권  도시철도 9호선,서울특별시 송파구 백제고분로 지하 187,37.504531,127.087211,송파구
석촌고분,수도권  도시철도 9호선,서울특별시 송파구 삼학사로 지하 53,37.502439,127.096611,송파구
석촌,수도권  도시철도 9호선,서울특별시 송파구 석촌동 209,37.505078,127.106944,송파구
송파나루,수도권  도시철도 9호선,서울특별시 송파구 백제고분로 지하 446,37.51055,127.112451,송파구
한성백제,수도권  도시철도 9호선,서울특별시 송파구 위례성대로 지하 51,37.516369,127.116211,송파구
올림픽공원(한국체대),수도권  도시철도 9호선,서울특별시 송파구 양재대로 지하 1233,37.516111,127.130333,송파구
둔촌오륜,수도권  도시철도 9호선,서울특별시 강동구 강동대로 지하 327,37.519339,127.138619,강동구
중앙보훈병원,수도권  도시철도 9호선,서울특별시 강동구 명일로 지하 117,37.528807,127.148488,강동구
개화,서울 도시철도 9호선,서울특별시 강서구 개화동로8길 19,37.578591,126.797833,강서구
김포공항,서울 도시철도 9호선,서울특별시 강서구 하늘길 지하77,37.562056,126.801633,강서구
공항시장,서울 도시철도 9호선,서울특별시 강서구 방화동로 지하30,37.563726,126.810678,강서구
신방화,서울 도시철도 9호선,서울특별시 강서구 방화대로 지하301,37.5675,126.816667,강서구
마곡나루(서울식물원),서울 도시철도 9호선,서울특별시 강서구 마곡중앙5로 지하2,37.566717,126.8276071,강서구
양천향교,서울 도시철도 9호선,서울특별시 강서구 양천로 지하341,37.568333,126.841389,강서구
가양,서울 도시철도 9호선,서울특별시 강서구 양천로 지하485,37.561111,126.855078,강서구
증미,서울 도시철도 9호선,서울특별시 강서구 양천로 지하560,37.55785,126.861067,강서구
등촌,서울 도시철도 9호선,서울특별시 강서구 공항대로 지하529,37.551111,126.864722,강서구
염창,서울 도시철도 9호선,서울특별시 강서구 공항대로 지하631,37.546944,126.874722,강서구
신목동,서울 도시철도 9호선,서울특별시 양천구 목동중앙로 지하217,37.544167,126.883056,양천구
선유도,서울 도시철도 9호선,서울특별시 영등포구 양평로 지하124,37.537778,126.893889,영등포구
당산,서울 도시철도 9호선,서울특별시 영등포구 양평로 지하40,37.533844,126.902222,영등포구
국회의사당,서울 도시철도 9호선,서울특별시 영등포구 국회대로 지하758,37.528105,126.917874,영등포구
여의도,서울 도시철도 9호선,서울특별시 영등포구 의사당대로 지하101 (여의도동),37.521744,126.924167,영등포구
샛강,서울 도시철도 9호선,서울특별시 영등포구 의사당대로 지하166,37.5173,126.9284,영등포구
노량진,서울 도시철도 9호선,서울특별시 동작구 노량진로 지하130,37.513667,126.940917,동작구
노들,서울 도시철도 9호선,서울특별시 동작구 노량진로 지하238 (본동),37.512726,126.953096,동작구
흑석(중앙대입구),서울 도시철도 9호선,서울특별시 동작구 현충로 지하90 (흑석동),37.508889,126.963611,동작구
동작(현충원),서울 도시철도 9호선,서울특별시 동작구 현충로 지하220 (동작동),37.502878,126.978278,동작구
구반포,서울 도시철도 9호선,서울특별시 서초구 신반포로 지하17,37.501389,126.987222,서초구
신반포,서울 도시철도 9호선,서울특별시 서초구 신반포로 지하105,37.5035033,126.996044,서초구
고속터미널,서울 도시철도 9호선,서울특별시 서초구 신반포로 지하188,37.505933,127.004044,서초구
사평,서울 도시철도 9호선,서울특별시 서초구 사평대로 지하285,37.504161,127.015219,서초구
신논현,서울 도시철도 9호선,서울특별시 강남구 봉은사로 지하102,37.504444,127.024417,강남구
북한산우이,우이신설선,서울특별시 강북구 삼양로 지하 676,37.66284,127.01272,강북구
솔밭공원,우이신설선,서울특별시 강북구 삼양로 595,37.65607,127.01326,강북구
4.19민주묘지,우이신설선,서울특별시 강북구 삼양로 519,37.64954,127.01371,강북구
가오리,우이신설선,서울특별시 강북구 삼양로 426,37.64162,127.01681,강북구
화계,우이신설선,서울특별시 강북구 삼양로 341,37.63428,127.0175,강북구
삼양,우이신설선,서울특별시 강북구 삼양로 지하 259,37.62706,127.01817,강북구
삼양사거리,우이신설선,서울특별시 강북구 삼양로 197,37.62144,127.02049,강북구
솔샘,우이신설선,서울특별시 강북구 솔샘로 지하 189,37.62037,127.01357,강북구
북한산보국문,우이신설선,서울특별시 성북구 보국문로 지하 88,37.61233,127.00816,성북구
정릉,우이신설선,서울특별시 성북구 아리랑로 지하 122,37.60278,127.01345,성북구
성신여대입구,우이신설선,서울특별시 성북구 동선동1가 116-1,37.59247,127.01656,성북구
보문,우이신설선,서울특별시 성북구 보문동1가 127-6,37.58551,127.01939,성북구
신설동,우이신설선,서울특별시 동대문구 신설동 132-259,37.57659,127.023221,동대문구
발곡,의정부,경기도 의정부시 장곡로 258,37.726983,127.052889,
회룡,의정부,경기도 의정부시 평화로 363,37.72505255,127.0467864,
범골,의정부,경기도 의정부시 신흥로 141,37.7287279,127.0437202,
경전철의정부,의정부,경기도 의정부시 신흥로 237,37.73729974,127.043321,
의정부시청,의정부,경기도 의정부시 의정로 69,37.73924874,127.034854,
흥선,의정부,경기도 의정부시 호국로 1197,37.74322487,127.0371765,
의정부중앙,의정부,경기도 의정부시 호국로 1305,37.74371903,127.0496332,
동오,의정부,경기도 의정부시 장곡로 471,37.74519123,127.05703,
새말,의정부,경기도 의정부시 장곡로 551,37.74889941,127.063869,
경기도청북부청사,의정부,경기도 의정부시 장곡로 615,37.75073213,127.0714795,
효자,의정부,경기도 의정부시 부용로 159-40,37.75398452,127.0773155,
곤제,의정부,경기도 의정부시 천보로 173,37.75054343,127.0838651,
어룡,의정부,경기도 의정부시 충의로 125,37.74272184,127.0852045,
송산,의정부,경기도 의정부시 충의로 59,37.7371698,127.0872755,
탑석,의정부,경기도 의정부시 충의로 20,37.73355362,127.0889064,
"아라(북부법원, 검찰청)",인천지하철 1호선,인천광역시 서구 당하동 1238,37.592222,126.713333,
계양,인천지하철 1호선,인천광역시 계양구 다남로 24,37.571539,126.736319,
귤현,인천지하철 1호선,인천광역시 계양구 장제로 1136,37.566362,126.742498,
박촌,인천지하철 1호선,인천광역시 계양구 장제로 992,37.553525,126.744946,
임학,인천지하철 1호선,인천광역시 계양구 장제로 875,37.545058,126.738642,
계산,인천지하철 1호선,인천광역시 계양구 경명대로 1089,37.543243,126.728436,
경인교대입구,인천지하철 1호선,인천광역시 계양구 계양대로 162,37.538272,126.722603,
작전,인천지하철 1호선,인천광역시 계양구 게양대로 73,37.530271,126.722548,
갈산,인천지하철 1호선,인천광역시 부평구 부평대로 286,37.517124,126.721566,
부평구청,인천지하철 1호선,인천광역시 부평구 부평대로 189,37.508768,126.720547,
부평시장,인천지하철 1호선,인천광역시 부평구 부평대로 69,37.498495,126.722282,
부평,인천지하철 1호선,인천광역시 부평구 광장로 15,37.490541,126.723437,
동수,인천지하철 1호선,인천광역시 부평구 경인로 877,37.485409,126.718464,
부평삼거리,인천지하철 1호선,인천광역시 부평구 경인로 765,37.478267,126.710494,
간석오거리,인천지하철 1호선,인천광역시 남동구 경인로 674,37.466921,126.707861,
인천시청,인천지하철 1호선,인천광역시 남동구 예술로 264,37.457615,126.702216,
예술회관,인천지하철 1호선,인천광역시 남동구 예술로 172,37.449334,126.700991,
인천시청,인천지하철 2호선,인천광역시 남동구 구월로 지하 99 (간석동),37.456904,126.701523,
석천사거리,인천지하철 2호선,인천광역시 남동구 구월로 지하 181 (구월동),37.4569323,126.710383,
모래내시장,인천지하철 2호선,인천광역시 남동구 구월로 지하 255 (구월동),37.455842,126.719578,
만수,인천지하철 2호선,인천광역시 남동구 구월로 지하 367 (만수동),37.454962,126.731764,
남동구청,인천지하철 2호선,인천광역시 남동구 인주대로 지하 889 (만수동),37.448179,126.736581,
인천대공원,인천지하철 2호선,인천광역시 남동구 수인로 3677 (장수동),37.448475,126.753051,
운연,인천지하철 2호선,인천광역시 남동구 매소홀로 1229 (운연동),37.439533,126.759609,
까치울,도시철도 7호선,경기도 부천시 원미구 길주로 지하 626 (춘의동),37.506236,126.81095,
부천종합운동장,도시철도 7호선,경기도 부천시 원미구 길주로 지하 502 (춘의동),37.505381,126.79735,
춘의,도시철도 7호선,경기도 부천시 원미구 길주로 지하 406 (춘의동),37.50365,126.787069,
신중동,도시철도 7호선,경기도 부천시 원미구 길주로 지하 314 (중동),37.503081,126.776161,
부천시청,도시철도 7호선,경기도 부천시 원미구 길주로 지하 202 (중동),37.504611,126.763561,
상동,도시철도 7호선,경기도 부천시 원미구 길주로 지하 104 (상동),37.505769,126.753081,
삼산체육관,도시철도 7호선,인천광역시 부평구 길주로 지하 713 (삼산동),37.506431,126.742081,
굴포천,도시철도 7호선,인천광역시 부평구 길주로 지하 623 (삼산동),37.50695,126.731481,
부평구청,도시철도 7호선,인천광역시 부평구 길주로 지하 527 (갈산동),37.507523,126.721356,
산곡,도시철도 7호선,인천광역시 부평구 길주로 지하 379 (산곡동),37.508547,126.70351,
남영역,경부선,서울시 용산구 한강대로 77길 25(갈월동),37.540597,126.971171,
용산역,경부선,서울시 용산구 한강대로 23길 55(한강로 3가 40-999),37.52989,126.964775,
용산역,경원선,서울시 용산구 한강대로 23길 55(한강로 3가 40-999),37.52989,126.964775,
노량진역,경부선,서울시 동작구 노량진로 151,37.514072,126.941671,
대방역,경부선,서울시 영등포구 여의대방로 300,37.513392,126.926407,
영등포역,경부선,서울시 영등포구 경인로 846(영등포동 1가 618-496),37.515756,126.907411,
신도림역,경부선,서울시 구로구 새말로 117-21,37.508983,126.891513,
이촌역,경원선,서울시 용산구 이촌로 71길 42,37.522476,126.973816,
서빙고역,경원선,서울시 용산구 서빙고로 238(서빙고동 241-11),37.51961,126.988358,
한남역,경원선,서울시 용산구 독서당로6길 12-13(한남동),37.529361,127.008984,
옥수역,경원선,서울시 성동구 동호로 지하21(옥수동),37.540514,127.018698,
응봉역,경원선,서울시 성동구 고산자로 123(응봉동),37.550433,127.034824,
왕십리역,경원선,서울시 성동구 왕십리 광장로 17(행당동),37.561728,127.038405,
왕십리역,분당선,서울시 성동구 왕십리 광장로 17(행당동),37.5610128,127.038705,
청량리역,경원선,서울시 동대문구 왕산로 214,37.580543,127.048077,
청량리역,경의중앙선,서울시 동대문구 왕산로 214,37.580043,127.047588,
회기역,경원선,서울시 동대문구 회기로196(휘경동 317-101),37.589602,127.057936,
회기역,경의중앙선,서울시 동대문구 회기로196(휘경동 317-101),37.589802,127.057936,
외대앞역,경원선,서울시 동대문구 휘경로 27(이문동 360-5),37.596157,127.063572,
신이문역,경원선,서울시 동대문구 한천로 472(이문로 7),37.601829,127.067347,
석계역,경원선,서울시 노원구 화랑로 341(월계동 36-4),37.615206,127.065594,
광운대역,경원선,서울시 노원구 석계로 98-2(광운대역),37.62357,127.06181,
광운대역,경의중앙선,서울시 노원구 석계로 98-2(광운대역),37.6239,127.062,
광운대역,경춘선,서울시 노원구 석계로 98-2(광운대역),37.623635,127.061975,
월계역,경원선,서울시 노원구 월계로 53길 40(월계2동 261),37.633114,127.058835,
녹천역,경원선,서울시 도봉구 덕릉로 376(창동),37.644599,127.051406,
창동역,경원선,서울시 도봉구 마들로 11길 77(창1동 135-86),37.653181,127.047663,
선릉역,분당선,서울시 강남구 테헤란로 지하 340,37.504479,127.048941,
한티역,분당선,서울시 강남구 선릉로 지하 228,37.496208,127.052883,
도곡역,분당선,서울시 강남구 남부순환로 지하 2814,37.490914,127.055393,
구룡역,분당선,서울시 강남구 개포동 175-3,37.486985,127.059496,
개포동역,분당선,서울시 강남구 개포동 지하 420(개포동),37.489112,127.066027,
대모산입구역,분당선,서울특별시 강남구 개포로 522,37.491347,127.072702,강남구
수서역,분당선,서울시 강남구 광평로 지하 270(수서동),37.487633,127.101118,
복정역,분당선,서울특별시 송파구 송파대로 6,37.469753,127.126627,송파구
신길역,경부선,서울시 영등포구 영등포로 327,37.517018,126.917743,
중랑역,경의중앙선,서울특별시 중랑구 중랑역로 9,37.594948,127.076152,중랑구
중랑역,경춘선,서울특별시 중랑구 중랑역로 9,37.594948,127.076152,중랑구
상봉역,경의중앙선,서울시 중랑구 망우로 297(상봉1동 100-9번지),37.596754,127.085553,
상봉역,경춘선,서울시 중랑구 망우로 297(상봉1동 100-9번지),37.595254,127.085853,
망우역,경의중앙선,서울시 중랑구 망우로 55길 11-10,37.599288,127.092318,
망우역,경춘선,서울시 중랑구 망우로 55길 11-10,37.599988,127.092031,
구리역,경의중앙선,경기도 구리시 건원대로 34번길 32-29(인창동 244-2),37.60326,127.143373,
도농역,경의중앙선,경기도 남양주시 경춘로 433(도농동 56-1),37.608756,127.161105,
양정역,경의중앙선,경기도 남양주시 경강로 237(이패동 398-32),37.604269,127.194602,
덕소역,경의중앙선,경기도 남양주시 와부읍 덕서로 56(덕소리 590-17),37.586892,127.208835,
도심역,경의중앙선,경기도 남양주시 와부읍 덕소로 237(도곡리 1024-2),37.579628,127.222798,
팔당역,경의중앙선,경기도 남양주시 와부읍 팔당로 107번길,37.547321,127.243896,
서울역(경의선),경의중앙선,서울시 중구 한강대로 405,37.556713,126.971387,
신촌역,경의중앙선,서울특별시 서대문구 신촌역로 30 신촌민자역사,37.559768,126.942308,서대문구
효창공원앞역,경의중앙선,서울시 용산구 용문동 5-157,37.538789,126.962339,
공덕역,경의중앙선,서울시 마포구 공덕동 마포대로 92,37.542711,126.952134,
서강대역,경의중앙선,서울시 마포구 서강로 지하 118,37.552132,126.935389,
홍대입구역,경의중앙선,서울시 마포구 양화로 지하 188,37.55758,126.926833,
가좌역,경의중앙선,서울시 서대문구 수색로 27(남가좌동),37.568611,126.914841,
디지털미디어시티역,경의중앙선,서울시 은평구 수색로 193(수색동 37-2),37.577964,126.900421,
수색역,경의중앙선,서울시 은평구 수색로 261-1,37.580855,126.895681,
한국항공대,경의중앙선,경기도 고양시 덕양구 화랑로 53(화전동 183-10),37.603102,126.868291,
강매역,경의중앙선,경기도 고양시 덕양구 소원로 202,37.612396,126.844537,
행신역,경의중앙선,경기도 고양시 덕양구 행신동 충경로 124번지(행신2동 812),37.612125,126.834063,
능곡역,경의중앙선,경기도 고양시 덕양구 토당로 35(토당동 454-3),37.618741,126.82089,
능곡역,서해선,경기도 고양시 덕양구 토당로 35(토당동 454-3),37.618741,126.8206,
곡산역,경의중앙선,경기도 고양시 일산동구 경의로 160(백석동),37.645729,126.801877,
곡산역,서해선,경기도 고양시 일산동구 경의로 160(백석동),37.645729,126.801877,
백마역,경의중앙선,경기도 고양시 일산동구 경의로 318(풍동 482-8),37.658346,126.794401,
백마역,서해선,경기도 고양시 일산동구 경의로 318(풍동 482-8),37.658346,126.794401,
풍산역,경의중앙선,경기도 고양시 일산동구 경의로 486(풍동),37.672173,126.786355,
풍산역,서해선,경기도 고양시 일산동구 경의로 486(풍동),37.672173,126.786355,
일산역,경의중앙선,경기도 고양시 일산서구 경의로 672,37.682231,126.769521,
일산역,서해선,경기도 고양시 일산서구 경의로 672,37.682231,126.769521,
탄현역,경의중앙선,경기도 고양시 일산서구 경의로 856(덕이동),37.694114,126.761075,
야당역,경의중앙선,경기도 파주시 소리천로 10,37.712749,126.761535,
운정역,경의중앙선,경기도 파주시 운정역길 368(야당동 299-4번지),37.725441,126.767076,
금릉역,경의중앙선,경기도 파주시 금릉역로85,37.751295,126.765401,
금촌역,경의중앙선,경기도 파주시 새꽃로 193,37.766106,126.774515,
월롱역,경의중앙선,경기도 파주시 월롱면 통일로 980,37.796201,126.792574,
신내역,경춘선,서울시 중랑구 망우동 320-2,37.612855,127.103277,
갈매역,경춘선,경기도 구리시 갈매동 경춘북로 229(갈매동 502-18),37.634135,127.114803,
별내역,경춘선,경기도 남양주시 경춘북로 375(별내동 182-5),37.642221,127.127208,
퇴계원역,경춘선,경기도 남양주시 퇴계원면 경춘북로 545(퇴계원리 218-8),37.648316,127.143858,
사릉역,경춘선,경기도 남양주시 진건읍 진건우회로 72-8(사능리 590-2),37.651145,127.176839,
금곡역,경춘선,경기도 남양주시 경춘로 903(금곡동 404-276),37.637414,127.207931,
평내호평역,경춘선,경기도 남양주시 경춘로 1375(평내동 156),37.653229,127.244452,
천마산역,경춘선,경기도 남양주시 화도읍 묵현로 25번길 37,37.658995,127.285731,
선바위역,안산과천선,경기도 과천시 중앙로 440,37.451854,127.002164,
경마공원역,안산과천선,경기도 과천시 경마공원대로 105,37.443987,127.007899,
대공원역,안산과천선,경기도 과천시 대공원로 50,37.435724,127.006474,
과천역,안산과천선,경기도 과천시 별양로 지하 177,37.432805,126.996404,
정부과천청사역,안산과천선,경기도 과천시 중앙로 지하 100,37.426445,126.989802,
인덕원역,안산과천선,경기도 안양시 동안구 흥안대로 529,37.401901,126.976718,
평촌역,안산과천선,경기도 안양시 동안구 부림로 지하 123,37.394346,126.963881,
범계역,안산과천선,경기도 안양시 동안구 동안로 지하 130,37.389783,126.950752,
판교역,경강선,경기도 성남시 분당구 판교역로 160,37.394798,127.111135,
이매역,경강선,경기도 성남시 분당구 성남대로 738,37.394736,127.127048,
삼동역,경강선,경기도 광주시 순암로 451,37.408731,127.203447,
경기광주역,경강선,경기도 광주시 광주역로 10 경기광주역사,37.398974,127.253201,
초월역,경강선,경기도 광주시 초월읍 경충대로 1066,37.373389,127.299996,
성남역,경강선,경기도 성남시 분당구 백현동 545-1,37.394709,127.11949,
구로역,경부선,서울시 구로구 구로중앙로 174,37.503178,126.882037,
가산디지털단지역,경부선,서울시 금천구 벚꽃로 309,37.481568,126.882628,
금천구청역,경부선,서울시 금천구 시흥대로 63길 91,37.45576,126.894344,
석수역,경부선,경기도 안양시 만안구 경수대로 1431,37.435161,126.902233,
관악역,경부선,경기도 안양시 만안구 경수대로 1273번길 46,37.419578,126.908476,
안양역,경부선,경기도 안양시 만안구 만안로 232,37.401929,126.922647,
명학역,경부선,경기도 안양시 만안구 만안로 20,37.384435,126.935579,
금정역,경부선,경기도 군포시 군포로 750,37.371957,126.943411,
금정역,안산과천선,경기도 군포시 군포로 750,37.371957,126.943611,
군포역,경부선,경기도 군포시 군포역1길 27,37.353732,126.948517,
의왕역,경부선,경기도 의왕시 철도박물관로 66(삼동),37.320648,126.948099,
성균관대역,경부선,경기도 수원시 장안구 서부로 2149,37.300344,126.970861,
독산역,경부선,서울시 금천구 벚꽃로 115,37.465994,126.889508,
당정역,경부선,경기도 군포시 당정역로 91,37.34338,126.948388,
광명역,경부선,경기도 광명시 광명역로 21,37.415995,126.884523,
산본역,안산과천선,경기도 군포시 번영로 504,37.358019,126.932969,
대야미역,안산과천선,경기도 군포시 대야1로 28,37.328304,126.917161,
반월역,안산과천선,경기도 안산시 상록구 건건로 119-10,37.312244,126.903684,
상록수역,안산과천선,경기도 안산시 상록구 상록수로 61,37.302845,126.866533,
한대앞역,수인선,경기도 안산시 상록구 충장로 337,37.309985,126.853506,
한대앞역,안산과천선,경기도 안산시 상록구 충장로 337,37.309685,126.853656,
중앙역,수인선,경기도 안산시 단원구 중앙대로 918,37.316055,126.838532,
중앙역,안산과천선,경기도 안산시 단원구 중앙대로 918,37.316055,126.838532,
고잔역,수인선,경기도 안산시 단원구 중앙대로 784,37.316821,126.823094,
고잔역,안산과천선,경기도 안산시 단원구 중앙대로 784,37.316821,126.823094,
초지역,수인선,경기도 안산시 단원구 중앙대로 620,37.320583,126.806151,
초지역,안산과천선,경기도 안산시 단원구 중앙대로 620,37.320583,126.806151,
안산역,수인선,경기도 안산시 단원구 중앙대로 462,37.327006,126.788748,
안산역,안산과천선,경기도 안산시 단원구 중앙대로 462,37.327006,126.788748,
능길역,수인선,경기도 안산시 단원구 황고개로 2,37.337488,126.767306,
능길역,안산과천선,경기도 안산시 단원구 황고개로 2,37.337488,126.767306,
정왕역,수인선,경기도 시흥시 마유로 418길 15,37.351816,126.742844,
정왕역,안산과천선,경기도 시흥시 마유로 418길 15,37.351816,126.742844,
오이도역,수인선,경기도 시흥시 역전로 430,37.361773,126.738437,
오이도역,안산과천선,경기도 시흥시 역전로 430,37.361773,126.738437,
수리산역,안산과천선,경기도 군포시 번영로 385,37.350297,126.925537,
개봉역,경인선,서울시 구로구 경인로 40길 47,37.494698,126.858504,
오류동역,경인선,서울시 구로구 경인로 20길 13,37.4944,126.844551,
역곡역,경인선,경기도 부천시 원미구 역곡로 1(역곡동),37.48514,126.811622,
부천역,경인선,경기도 부천시 소사구 부천로 1,37.484066,126.782779,
송내역,경인선,경기도 부천시 소사구 송내대로 43,37.487626,126.753045,
부평역,경인선,인천시 부평구 광장로 16,37.489457,126.724584,
백운역,경인선,인천시 부평구 마장로 55번길 14,37.483301,126.707179,
동암역,경인선,인천시 부평구 동암광장로 10,37.470835,126.703016,
구일역,경인선,서울시 구로구 구일로 133,37.495973,126.869201,
부개역,경인선,인천시 부평구 수변로 22,37.488479,126.740549,
온수역,경인선,서울시 구로구 부일로 872,37.492267,126.823399,
중동역,경인선,경기도 부천시 소사구 중동로 73,37.486664,126.764474,
서울숲역,분당선,서울시 성동구 왕십리로 지하 77,37.543647,127.044686,
압구정로데오역,분당선,서울시 강남구 압구정동 495(강남구 압구정로 지하 402),37.527385,127.040555,
강남구청역,분당선,서울시 강남구 학동로 지하 364,37.516572,127.041575,
선정릉역,분당선,서울시 강남구 선릉로 지하 580(삼성동),37.510775,127.043717,
가천대역,분당선,경기도 성남시 수정구 성남대로 1332,37.448784,127.126677,
태평역,분당선,경기도 성남시 수정구 성남대로 지하 1229번지,37.439842,127.127746,
모란역,분당선,경기도 성남시 중원구 성남대로 지하 1147(성남동 1575),37.432124,127.129064,
야탑역,분당선,경기도 성남시 성남대로 지하 903(야탑동 688-1),37.41132,127.128661,
서현역,분당선,경기도 성남시 분당구 성남대로 지하 601,37.384931,127.123249,
수내역,분당선,경기도 성남시 분당구 성남대로 지하 491(수내동),37.378435,127.114216,
정자역,분당선,경기도 성남시 분당구 성남대로 지하 333(정자동),37.366037,127.108091,
미금역,분당선,경기도 성남시 수정구 성남대로 지하 156,37.350078,127.108952,
오리역,분당선,경기도 성남시 분당구 성남대로 지하 55(구미동 795),37.339832,127.108985,
이매역,분당선,경기도 성남시 성남대로 지하 738,37.395846,127.128272,
보정역,분당선,경기도 용인시 기흥구 용구대로 2560  _x000D_,37.31274,127.108219,
죽전역,분당선,경기도 용인시 수지구 포은대로 530(죽전동 1014),37.324575,127.107385,
달월역,수인선,경기도 시흥시 서해안로 736번길 55(월곶동),37.379993,126.745431,
월곶역,수인선,경기도 시흥시 월곶중앙로 14번길 56,37.39189,126.742741,
소래포구역,수인선,인천시 남동구 소래역로 51,37.400963,126.733533,
인천논현역,수인선,인천시 남동구 청능대로 567,37.400641,126.722495,
호구포역,수인선,인천시 남동구 호구포로 205,37.401622,126.708682,
방학역,경원선,서울시 도봉구 도봉로 150다길 3,37.667471,127.044295,
도봉역,경원선,서울시 도봉구 도봉로 170길 2,37.679441,127.045521,
도봉산역,경원선,서울시 도봉구 도봉로 964-33,37.689603,127.046047,
망월사역,경원선,경기도 의정부시 평화로 221,37.710499,127.047361,
회룡역,경원선,경기도 의정부시 평화로 363,37.724037,127.047319,
의정부역,경원선,경기도 의정부시 평화로 525,37.73873,127.045891,
가능역,경원선,경기도 의정부시 평화로 633,37.748362,127.044251,
녹양역,경원선,경기도 의정부시 평화로 757(녹양동 973),37.759416,127.042272,
양주역,경원선,경기도 양주시 평화로 919(남방동 94-1),37.774281,127.044719,
원흥역,일산선,"경기도 고양시 덕양구 권율대로 681 (원흥동, 원흥역) 원흥역",37.650709,126.873239,
지축역,일산선,경기도 고양시 덕양구 삼송로 300(지축동),37.648114,126.913746,
삼송역,일산선,경기도 고양시 덕양구 삼송로 194,37.653096,126.895559,
원당역,일산선,경기도 고양시 덕양구 덕양대로 1429(성사1동 4100-7),37.653103,126.842891,
화정역,일산선,경기도 고양시 덕양구 화정로 60 화정역,37.634708,126.832503,
대곡역,경의중앙선,경기도 고양시 덕양구 대주로 107번길 71-81(대장동 420-1),37.631629,126.810225,
대곡역,서해선,경기도 고양시 덕양구 대주로 107번길 71-81(대장동 420-1),37.631629,126.809802,
대곡역,일산선,경기도 고양시 덕양구 대주로 107번길 71-81(대장동 420-1),37.631629,126.811025,
백석역,일산선,경기도 고양시 일산동구 중앙로 1042,37.642973,126.788109,
마두역,일산선,경기도 고양시 일산동구 중앙로 지하 1180(마두동),37.652185,126.777641,
정발산역,일산선,경기도 고양시 일산동구 마두 1동 1123(일산동구 중앙로 1270),37.659709,126.773254,
주엽역,일산선,경기도 고양시 일산서구 중앙로 1432(주엽동 166-7),37.670138,126.761232,
대화역,일산선,경기도 고양시 일산서구 중앙로 1569(대화동 2221),37.675883,126.747756,
김포공항역,서해선,서울특별시 강서구 하늘길 지하 77,37.5621179,126.804056,강서구
원종역,서해선,경기도 부천시 원종동 404,37.5240628,126.8048386,
부천종합운동장역,서해선,경기도 부천시 길주로 지하 502,37.505852,126.797498,
소사역,경인선,경기도 부천시 소사구 경인로 363,37.482755,126.795654,
소사역,서해선,경기도 부천시 소사구 경인로 363,37.482755,126.7950654,
소새울역,서해선,경기도 부천시 소사로 지하 284,37.4685046,126.797228,
시흥대야역,서해선,경기도 부천시 소사로 지하 120,37.4504787,126.793142,
신천역,서해선,경기도 시흥시 서해안로 지하 1670,37.4391147,126.786835,
신현역,서해선,경기도 시승시 신현로 12번길 지하 2-10,37.4091399,126.78788,
시흥시청역,서해선,경기도 시흥시 시흥대로 지하 467,37.3814109,126.805946,
시흥능곡역,서해선,경기도 시흥시 시흥대로 지하 327,37.3699903,126.808594,
달미역,서해선,경기도 안산시 단원구 순환로 지하 160,37.3490003,126.809318,
선부역,서해선,경기도 안산시 단원구 선부광장로 34,37.33459,126.81,
초지역,서해선,경기도 안산시 단원구 중앙대로 620,37.320083,126.808051,
시우역,서해선,경기도 안산시 단원구 동산로 지하 50,37.3130967,126.795503,
원시역,서해선,경기도 안산시 단원구 선단로 지하 70,37.302654,126.7867897,
