admin_code,admin_name,district_name,transport_score,living_score,medical_score,education_score,green_score,cluster_id,cluster_name,selected_k,silhouette_k3,silhouette_k4,silhouette_k5,silhouette_k6,silhouette_k7,silhouette_k8
11110515,청운효자동,종로구,11.290935414544627,9.733565012538472,3.114740804012312,28.42200983661234,0.0,2,한적한 주거형,3,0.30944107227748524,0.29070298612037104,0.2936099592190155,0.25422270879395703,0.2541796637519419,0.2620037407301745
11110530,사직동,종로구,30.210548301934608,48.33687728309537,65.60004774134372,107.89481536405218,4.91736922078885,0,"녹지, 교통 중심형",3,0.30944107227748524,0.29070298612037104,0.2936099592190155,0.25422270879395703,0.2541796637519419,0.2620037407301745
11110540,삼청동,종로구,11.49227321163243,10.14024106908744,6.084144641452463,22.308530351992363,3.8421251727879477,2,한적한 주거형,3,0.30944107227748524,0.29070298612037104,0.2936099592190155,0.25422270879395703,0.2541796637519419,0.2620037407301745
11110550,부암동,종로구,14.94677078103643,12.309105349088824,1.7584436212984034,26.376654319476053,0.0,2,한적한 주거형,3,0.30944107227748524,0.29070298612037104,0.2936099592190155,0.25422270879395703,0.2541796637519419,0.2620037407301745
11110560,평창동,종로구,6.035321242748299,3.2411910377722344,1.6764781229856387,6.594147283743512,0.2462180830712411,2,한적한 주거형,3,0.30944107227748524,0.29070298612037104,0.2936099592190155,0.25422270879395703,0.2541796637519419,0.2620037407301745
11110570,무악동,종로구,13.531052593810351,27.0621051876207,13.531052593810347,51.41799985647932,0.0,2,한적한 주거형,3,0.30944107227748524,0.29070298612037104,0.2936099592190155,0.25422270879395703,0.2541796637519419,0.2620037407301745
11110580,교남동,종로구,63.4141784239406,37.47201452323763,63.4141784239406,92.23880498027724,0.0,1,"생활편의, 의료 중심형",3,0.30944107227748524,0.29070298612037104,0.2936099592190155,0.25422270879395703,0.2541796637519419,0.2620037407301745
11110600,가회동,종로구,38.89211699655033,42.59612813907893,11.112033427585809,81.48824513562924,2.037291320647009,2,한적한 주거형,3,0.30944107227748524,0.29070298612037104,0.2936099592190155,0.25422270879395703,0.2541796637519419,0.2620037407301745
11110615,종로1·2·3·4가동,종로구,30.20059091126841,83.56875841200299,57.505234748853546,153.48519490521343,3.3408253590895702,1,"생활편의, 의료 중심형",3,0.30944107227748524,0.29070298612037104,0.2936099592190155,0.25422270879395703,0.2541796637519419,0.2620037407301745
11110630,종로5·6가동,종로구,33.15832068560959,89.52746585114589,122.68578653675549,71.2903894740606,0.0,1,"생활편의, 의료 중심형",3,0.30944107227748524,0.29070298612037104,0.2936099592190155,0.25422270879395703,0.2541796637519419,0.2620037407301745
11110640,이화동,종로구,26.840665735549734,39.62193513343056,16.615650217245076,94.58139354431812,1.3522838648345865,2,한적한 주거형,3,0.30944107227748524,0.29070298612037104,0.2936099592190155,0.25422270879395703,0.2541796637519419,0.2620037407301745
11110650,혜화동,종로구,33.55642561477009,59.16527674183148,23.84272346312612,91.83863852463394,4.4929183940723245,0,"녹지, 교통 중심형",3,0.30944107227748524,0.29070298612037104,0.2936099592190155,0.25422270879395703,0.2541796637519419,0.2620037407301745
11110670,창신1동,종로구,32.750664951730585,111.35226083588398,111.35226083588398,68.77639639863423,0.0,1,"생활편의, 의료 중심형",3,0.30944107227748524,0.29070298612037104,0.2936099592190155,0.25422270879395703,0.2541796637519419,0.2620037407301745
11110680,창신2동,종로구,3.886165256842948,73.83713988001603,34.975487311586534,38.86165256842949,3.911813947538111,2,한적한 주거형,3,0.30944107227748524,0.29070298612037104,0.2936099592190155,0.25422270879395703,0.2541796637519419,0.2620037407301745
11110690,창신3동,종로구,32.2825424057445,59.953293039239796,4.611791772249215,41.50612595024294,4.727455509897225,0,"녹지, 교통 중심형",3,0.30944107227748524,0.29070298612037104,0.2936099592190155,0.25422270879395703,0.2541796637519419,0.2620037407301745
11110700,숭인1동,종로구,54.3033122800387,54.3033122800387,58.48049014773398,45.94895654464813,6.082597552044489,0,"녹지, 교통 중심형",3,0.30944107227748524,0.29070298612037104,0.2936099592190155,0.25422270879395703,0.2541796637519419,0.2620037407301745
11110710,숭인2동,종로구,22.73332661144172,127.87496218935966,53.99165070217408,88.09164061933666,3.081786588763568,1,"생활편의, 의료 중심형",3,0.30944107227748524,0.29070298612037104,0.2936099592190155,0.25422270879395703,0.2541796637519419,0.2620037407301745
11140520,소공동,중구,45.560742471742955,83.70461988994637,76.2877548364068,58.27536827781076,0.0,1,"생활편의, 의료 중심형",3,0.30944107227748524,0.29070298612037104,0.2936099592190155,0.25422270879395703,0.2541796637519419,0.2620037407301745
11140540,회현동,중구,40.096814872886796,140.33885205510376,70.16942602755189,34.52781280720808,0.0,1,"생활편의, 의료 중심형",3,0.30944107227748524,0.29070298612037104,0.2936099592190155,0.25422270879395703,0.2541796637519419,0.2620037407301745
11140550,명동,중구,31.967680168371473,142.30773752371817,195.93094296743809,107.2464108874398,0.0,1,"생활편의, 의료 중심형",3,0.30944107227748524,0.29070298612037104,0.2936099592190155,0.25422270879395703,0.2541796637519419,0.2620037407301745
11140570,필동,중구,8.192881309475599,30.723304910533496,16.385762618951198,42.32988676562393,0.0,2,한적한 주거형,3,0.30944107227748524,0.29070298612037104,0.2936099592190155,0.25422270879395703,0.2541796637519419,0.2620037407301745
11140580,장충동,중구,13.753473725074992,15.71825568579999,3.9295639214499976,21.612601567974988,0.0,2,한적한 주거형,3,0.30944107227748524,0.29070298612037104,0.2936099592190155,0.25422270879395703,0.2541796637519419,0.2620037407301745
11140590,광희동,중구,36.62488589991675,146.49954359966696,47.47670394433652,71.89329454428102,0.0,1,"생활편의, 의료 중심형",3,0.30944107227748524,0.29070298612037104,0.2936099592190155,0.25422270879395703,0.2541796637519419,0.2620037407301745
11140605,을지로동,중구,34.34042964499099,125.91490869830028,57.23404940831831,71.95137639902873,0.0,1,"생활편의, 의료 중심형",3,0.30944107227748524,0.29070298612037104,0.2936099592190155,0.25422270879395703,0.2541796637519419,0.2620037407301745
11140615,신당동,중구,16.82426838442436,132.72478392156995,33.64853676884872,41.12598938414843,0.0,1,"생활편의, 의료 중심형",3,0.30944107227748524,0.29070298612037104,0.2936099592190155,0.25422270879395703,0.2541796637519419,0.2620037407301745
11140625,다산동,중구,17.1765339183009,62.9806243671033,70.6146394419037,97.33369220370511,0.0,1,"생활편의, 의료 중심형",3,0.30944107227748524,0.29070298612037104,0.2936099592190155,0.25422270879395703,0.2541796637519419,0.2620037407301745
11140635,약수동,중구,28.784725432783365,47.28919178242981,88.41022811497747,92.52233174823223,0.0,1,"생활편의, 의료 중심형",3,0.30944107227748524,0.29070298612037104,0.2936099592190155,0.25422270879395703,0.2541796637519419,0.2620037407301745
11140645,청구동,중구,20.433739055972463,37.94837253252029,32.11016137367101,134.2788566535333,0.0,2,한적한 주거형,3,0.30944107227748524,0.29070298612037104,0.2936099592190155,0.25422270879395703,0.2541796637519419,0.2620037407301745
11140650,신당5동,중구,25.02297850006313,75.06893550018938,84.45255243771305,68.8131908751736,0.0,1,"생활편의, 의료 중심형",3,0.30944107227748524,0.29070298612037104,0.2936099592190155,0.25422270879395703,0.2541796637519419,0.2620037407301745
11140665,동화동,중구,12.230716519227215,61.153582596136076,36.692149557681645,82.55733650478372,0.0,2,한적한 주거형,3,0.30944107227748524,0.29070298612037104,0.2936099592190155,0.25422270879395703,0.2541796637519419,0.2620037407301745
11140670,황학동,중구,24.342776190387674,124.75672797573682,91.28541071395378,73.02832857116303,0.0,1,"생활편의, 의료 중심형",3,0.30944107227748524,0.29070298612037104,0.2936099592190155,0.25422270879395703,0.2541796637519419,0.2620037407301745
11140680,중림동,중구,18.58029339229065,53.6764031332841,39.22506382816915,59.86983426404765,0.0,2,한적한 주거형,3,0.30944107227748524,0.29070298612037104,0.2936099592190155,0.25422270879395703,0.2541796637519419,0.2620037407301745
11290575,동선동,성북구,26.208444288380246,96.55742632561143,91.03985910700509,209.66755430704194,0.0,1,"생활편의, 의료 중심형",3,0.30944107227748524,0.29070298612037104,0.2936099592190155,0.25422270879395703,0.2541796637519419,0.2620037407301745
11290580,돈암1동,성북구,28.63581253213433,26.590397351267594,22.49956698953412,122.72491085200427,8.390558975888872,0,"녹지, 교통 중심형",3,0.30944107227748524,0.29070298612037104,0.2936099592190155,0.25422270879395703,0.2541796637519419,0.2620037407301745
11290590,돈암2동,성북구,65.59467213971782,25.080315818127403,21.221805692261647,100.3212632725096,0.0,1,"생활편의, 의료 중심형",3,0.30944107227748524,0.29070298612037104,0.2936099592190155,0.25422270879395703,0.2541796637519419,0.2620037407301745
11290600,안암동,성북구,23.920482472136687,50.01555425992217,10.87294657824395,62.33822704859864,0.0,2,한적한 주거형,3,0.30944107227748524,0.29070298612037104,0.2936099592190155,0.25422270879395703,0.2541796637519419,0.2620037407301745
11290610,보문동,성북구,19.89127762367855,72.33191863155837,36.16595931577918,77.75681252892525,1.9299964188865555,1,"생활편의, 의료 중심형",3,0.30944107227748524,0.29070298612037104,0.2936099592190155,0.25422270879395703,0.2541796637519419,0.2620037407301745
11290620,정릉1동,성북구,38.8005415099839,82.45115070871579,36.37550766560991,177.02747063930153,0.0,1,"생활편의, 의료 중심형",3,0.30944107227748524,0.29070298612037104,0.2936099592190155,0.25422270879395703,0.2541796637519419,0.2620037407301745
11290630,정릉2동,성북구,42.926706393019934,33.793364607271016,26.48669117867188,64.84672667881735,0.0,2,한적한 주거형,3,0.30944107227748524,0.29070298612037104,0.2936099592190155,0.25422270879395703,0.2541796637519419,0.2620037407301745
11290640,정릉3동,성북구,9.61791111177241,12.924068056444176,1.502798611214439,9.016791667286633,0.3013501943123866,2,한적한 주거형,3,0.30944107227748524,0.29070298612037104,0.2936099592190155,0.25422270879395703,0.2541796637519419,0.2620037407301745
11290650,정릉4동,성북구,9.801412905211945,11.76169548625433,6.440928480567848,18.762704704262863,0.0,2,한적한 주거형,3,0.30944107227748524,0.29070298612037104,0.2936099592190155,0.25422270879395703,0.2541796637519419,0.2620037407301745
11290660,길음1동,성북구,35.11808650981831,40.13495601122092,65.219303518234,160.5398240448837,2.527636818717926,1,"생활편의, 의료 중심형",3,0.30944107227748524,0.29070298612037104,0.2936099592190155,0.25422270879395703,0.2541796637519419,0.2620037407301745
11290685,길음2동,성북구,37.414854350644674,37.414854350644674,52.720931130453856,161.56414378687472,4.184307243056324,0,"녹지, 교통 중심형",3,0.30944107227748524,0.29070298612037104,0.2936099592190155,0.25422270879395703,0.2541796637519419,0.2620037407301745
11290705,종암동,성북구,42.00700996992634,48.41485894838968,37.73511065095078,109.64541585370603,0.0,1,"생활편의, 의료 중심형",3,0.30944107227748524,0.29070298612037104,0.2936099592190155,0.25422270879395703,0.2541796637519419,0.2620037407301745
11290715,월곡1동,성북구,26.19247616138955,58.621256170729,33.67604077892942,107.26442618473816,5.420466836778779,0,"녹지, 교통 중심형",3,0.30944107227748524,0.29070298612037104,0.2936099592190155,0.25422270879395703,0.2541796637519419,0.2620037407301745
11290725,월곡2동,성북구,21.246965814798806,37.365353674301346,24.17758178925381,52.01843354657638,0.0,2,한적한 주거형,3,0.30944107227748524,0.29070298612037104,0.2936099592190155,0.25422270879395703,0.2541796637519419,0.2620037407301745
11290760,장위1동,성북구,46.5742513055961,71.9783883813758,16.936091383853128,73.38972933003022,0.0,1,"생활편의, 의료 중심형",3,0.30944107227748524,0.29070298612037104,0.2936099592190155,0.25422270879395703,0.2541796637519419,0.2620037407301745
11290770,장위2동,성북구,45.59535908795345,57.361903368715645,30.887178737000728,45.59535908795346,0.0,1,"생활편의, 의료 중심형",3,0.30944107227748524,0.29070298612037104,0.2936099592190155,0.25422270879395703,0.2541796637519419,0.2620037407301745
11290780,장위3동,성북구,52.09920272947982,35.24357831700106,19.92028339656581,61.29317968174096,0.0,1,"생활편의, 의료 중심형",3,0.30944107227748524,0.29070298612037104,0.2936099592190155,0.25422270879395703,0.2541796637519419,0.2620037407301745
11290810,석관동,성북구,18.181170177677195,42.227233961056704,25.219042504519976,47.50563820618879,2.517740175991949,2,한적한 주거형,3,0.30944107227748524,0.29070298612037104,0.2936099592190155,0.25422270879395703,0.2541796637519419,0.2620037407301745
11305534,삼양동,강북구,34.62859440545324,47.614317307498204,46.53217373232779,67.09290166056564,0.0,1,"생활편의, 의료 중심형",3,0.30944107227748524,0.29070298612037104,0.2936099592190155,0.25422270879395703,0.2541796637519419,0.2620037407301745
11305535,미아동,강북구,33.28560619921548,79.64770054812276,70.1375273483469,73.70384229826284,0.0,1,"생활편의, 의료 중심형",3,0.30944107227748524,0.29070298612037104,0.2936099592190155,0.25422270879395703,0.2541796637519419,0.2620037407301745
11305545,송중동,강북구,54.84312950610586,66.92720888880714,56.70221864190606,111.54534814801191,0.0,1,"생활편의, 의료 중심형",3,0.30944107227748524,0.29070298612037104,0.2936099592190155,0.25422270879395703,0.2541796637519419,0.2620037407301745
11305555,송천동,강북구,19.356650459384856,61.296059788052034,52.69310402832544,70.97438501774447,0.0,2,한적한 주거형,3,0.30944107227748524,0.29070298612037104,0.2936099592190155,0.25422270879395703,0.2541796637519419,0.2620037407301745
11305575,삼각산동,강북구,35.374840891965334,53.062261337948,46.63047208486339,130.24373237496326,0.0,1,"생활편의, 의료 중심형",3,0.30944107227748524,0.29070298612037104,0.2936099592190155,0.25422270879395703,0.2541796637519419,0.2620037407301745
11305595,번1동,강북구,38.2753254355085,100.4727292682098,89.30909268285316,86.11948222989412,0.0,1,"생활편의, 의료 중심형",3,0.30944107227748524,0.29070298612037104,0.2936099592190155,0.25422270879395703,0.2541796637519419,0.2620037407301745
11305603,번2동,강북구,43.10797957902093,17.448467924841804,12.31656559400598,10.26380466167165,0.0,2,한적한 주거형,3,0.30944107227748524,0.29070298612037104,0.2936099592190155,0.25422270879395703,0.2541796637519419,0.2620037407301745
11305608,번3동,강북구,32.37213983033636,20.348202179068565,15.723610774734802,34.22197639206986,0.0,2,한적한 주거형,3,0.30944107227748524,0.29070298612037104,0.2936099592190155,0.25422270879395703,0.2541796637519419,0.2620037407301745
11215840,자양3동,광진구,16.716549941459082,40.95554735657475,26.74647990633453,99.46347215168154,0.8440679203665962,2,한적한 주거형,3,0.30944107227748524,0.29070298612037104,0.2936099592190155,0.25422270879395703,0.2541796637519419,0.2620037407301745
11215847,자양4동,광진구,11.016736093902365,59.32088665947428,45.76182685159444,69.49018151538414,0.8558571769269926,2,한적한 주거형,3,0.30944107227748524,0.29070298612037104,0.2936099592190155,0.25422270879395703,0.2541796637519419,0.2620037407301745
11215850,구의1동,광진구,24.765035794370192,91.98441866480357,60.14365835775618,173.35525056059137,0.0,1,"생활편의, 의료 중심형",3,0.30944107227748524,0.29070298612037104,0.2936099592190155,0.25422270879395703,0.2541796637519419,0.2620037407301745
11215860,구의2동,광진구,14.408798908019468,30.978917652241858,25.21539808903407,58.35563557747885,0.7261177326106785,2,한적한 주거형,3,0.30944107227748524,0.29070298612037104,0.2936099592190155,0.25422270879395703,0.2541796637519419,0.2620037407301745
11215870,구의3동,광진구,23.356270432172753,67.14927749249667,60.33703194977961,217.01867943227185,5.006175219008429,0,"녹지, 교통 중심형",3,0.30944107227748524,0.29070298612037104,0.2936099592190155,0.25422270879395703,0.2541796637519419,0.2620037407301745
11230536,용신동,동대문구,27.18735782115842,82.7978624553461,43.2526147154793,75.38312850412107,0.0,1,"생활편의, 의료 중심형",3,0.30944107227748524,0.29070298612037104,0.2936099592190155,0.25422270879395703,0.2541796637519419,0.2620037407301745
11230545,제기동,동대문구,22.84834862188909,82.08480801197193,66.00634046323516,77.85363234125174,0.0,1,"생활편의, 의료 중심형",3,0.30944107227748524,0.29070298612037104,0.2936099592190155,0.25422270879395703,0.2541796637519419,0.2620037407301745
11230560,전농1동,동대문구,29.289196961627674,63.903702461733104,47.0402254232202,89.64269373104227,0.0,1,"생활편의, 의료 중심형",3,0.30944107227748524,0.29070298612037104,0.2936099592190155,0.25422270879395703,0.2541796637519419,0.2620037407301745
11230570,전농2동,동대문구,12.275365909179778,37.84904488663765,27.6195732956545,91.04229715975002,0.0,2,한적한 주거형,3,0.30944107227748524,0.29070298612037104,0.2936099592190155,0.25422270879395703,0.2541796637519419,0.2620037407301745
11230600,답십리1동,동대문구,34.25344632348392,57.089077205806525,62.16366184632267,166.19264697690346,0.0,1,"생활편의, 의료 중심형",3,0.30944107227748524,0.29070298612037104,0.2936099592190155,0.25422270879395703,0.2541796637519419,0.2620037407301745
11230610,답십리2동,동대문구,22.83769943395706,62.8036734433819,55.9523636131948,67.37121333017332,0.0,1,"생활편의, 의료 중심형",3,0.30944107227748524,0.29070298612037104,0.2936099592190155,0.25422270879395703,0.2541796637519419,0.2620037407301745
11230650,장안1동,동대문구,20.11671466521919,78.23166814251908,50.6643184161076,80.46685866087677,0.0,1,"생활편의, 의료 중심형",3,0.30944107227748524,0.29070298612037104,0.2936099592190155,0.25422270879395703,0.2541796637519419,0.2620037407301745
11230660,장안2동,동대문구,34.114617109595095,99.33373805440925,78.26294513377698,190.64050737714908,0.0,1,"생활편의, 의료 중심형",3,0.30944107227748524,0.29070298612037104,0.2936099592190155,0.25422270879395703,0.2541796637519419,0.2620037407301745
11230705,청량리동,동대문구,20.75725682973239,47.32654557178985,40.68422338627549,44.00538447903267,0.0,2,한적한 주거형,3,0.30944107227748524,0.29070298612037104,0.2936099592190155,0.25422270879395703,0.2541796637519419,0.2620037407301745
11305615,수유1동,강북구,23.636899620407696,35.75838660523216,14.545784381789352,29.091568763578703,0.0,2,한적한 주거형,3,0.30944107227748524,0.29070298612037104,0.2936099592190155,0.25422270879395703,0.2541796637519419,0.2620037407301745
11305625,수유2동,강북구,24.070841943051754,85.96729265375626,46.42233803302838,113.47682630295829,0.0,1,"생활편의, 의료 중심형",3,0.30944107227748524,0.29070298612037104,0.2936099592190155,0.25422270879395703,0.2541796637519419,0.2620037407301745
11305635,수유3동,강북구,32.186900098235505,112.65415034382428,85.83173359529468,85.83173359529468,0.0,1,"생활편의, 의료 중심형",3,0.30944107227748524,0.29070298612037104,0.2936099592190155,0.25422270879395703,0.2541796637519419,0.2620037407301745
11305645,우이동,강북구,3.4946038042533534,4.81688632478165,1.1333850175956823,2.9279112954555124,0.0,2,한적한 주거형,3,0.30944107227748524,0.29070298612037104,0.2936099592190155,0.25422270879395703,0.2541796637519419,0.2620037407301745
11305660,인수동,강북구,16.67772241227759,20.346821342978664,7.338197861402141,27.351464756135254,0.0,2,한적한 주거형,3,0.30944107227748524,0.29070298612037104,0.2936099592190155,0.25422270879395703,0.2541796637519419,0.2620037407301745
11320511,창1동,도봉구,18.713721919044435,33.8629253773185,32.08066614693332,49.01212883559256,9.983039917525748,0,"녹지, 교통 중심형",3,0.30944107227748524,0.29070298612037104,0.2936099592190155,0.25422270879395703,0.2541796637519419,0.2620037407301745
11170510,후암동,용산구,18.47805826543573,55.4341747963072,20.7878155486152,81.99638355287105,1.1819028018029323,2,한적한 주거형,3,0.30944107227748524,0.29070298612037104,0.2936099592190155,0.25422270879395703,0.2541796637519419,0.2620037407301745
11170520,용산2가동,용산구,14.235942184517729,16.778074717467327,3.558985546129432,22.879192796546356,0.0,2,한적한 주거형,3,0.30944107227748524,0.29070298612037104,0.2936099592190155,0.25422270879395703,0.2541796637519419,0.2620037407301745
11170530,남영동,용산구,21.22622214723609,37.358150979135516,33.1129065496883,74.71630195827103,0.8550941139569757,2,한적한 주거형,3,0.30944107227748524,0.29070298612037104,0.2936099592190155,0.25422270879395703,0.2541796637519419,0.2620037407301745
11170555,청파동,용산구,27.081150730747336,72.21640194865957,24.824388169851726,89.14212115537666,1.1672765831848404,1,"생활편의, 의료 중심형",3,0.30944107227748524,0.29070298612037104,0.2936099592190155,0.25422270879395703,0.2541796637519419,0.2620037407301745
11170560,원효로1동,용산구,39.0481084408799,62.81652227445897,33.95487690511296,95.07365533431629,1.952405422043995,1,"생활편의, 의료 중심형",3,0.30944107227748524,0.29070298612037104,0.2936099592190155,0.25422270879395703,0.2541796637519419,0.2620037407301745
11170570,원효로2동,용산구,31.03070318891983,45.13556827479248,9.873405560110855,69.11383892077598,1.442927698284772,2,한적한 주거형,3,0.30944107227748524,0.29070298612037104,0.2936099592190155,0.25422270879395703,0.2541796637519419,0.2620037407301745
11170580,효창동,용산구,35.85861985814612,35.85861985814612,24.65280115247546,98.61120460990183,6.079761762036441,0,"녹지, 교통 중심형",3,0.30944107227748524,0.29070298612037104,0.2936099592190155,0.25422270879395703,0.2541796637519419,0.2620037407301745
11170590,용문동,용산구,64.85751853172043,90.07988684961171,39.63515021382915,111.69905969351852,0.0,1,"생활편의, 의료 중심형",3,0.30944107227748524,0.29070298612037104,0.2936099592190155,0.25422270879395703,0.2541796637519419,0.2620037407301745
11170625,한강로동,용산구,16.725810489367234,31.360894667563567,30.663985897173266,45.995978845759886,0.0,2,한적한 주거형,3,0.30944107227748524,0.29070298612037104,0.2936099592190155,0.25422270879395703,0.2541796637519419,0.2620037407301745
11170630,이촌1동,용산구,7.31002672730433,6.961930216480314,13.575763922136614,14.968149965432678,0.0,2,한적한 주거형,3,0.30944107227748524,0.29070298612037104,0.2936099592190155,0.25422270879395703,0.2541796637519419,0.2620037407301745
11170640,이촌2동,용산구,6.636011584071893,10.783518824116825,2.48850434402696,10.783518824116824,0.8334830549594296,2,한적한 주거형,3,0.30944107227748524,0.29070298612037104,0.2936099592190155,0.25422270879395703,0.2541796637519419,0.2620037407301745
11170650,이태원1동,용산구,29.164595808037927,78.91596512763203,29.164595808037927,58.32919161607585,1.7502188613741345,1,"생활편의, 의료 중심형",3,0.30944107227748524,0.29070298612037104,0.2936099592190155,0.25422270879395703,0.2541796637519419,0.2620037407301745
11170660,이태원2동,용산구,24.020769440531254,38.89076957038393,12.582307802183038,56.04846202790626,1.1765372871972206,2,한적한 주거형,3,0.30944107227748524,0.29070298612037104,0.2936099592190155,0.25422270879395703,0.2541796637519419,0.2620037407301745
11170685,한남동,용산구,11.543927283617842,15.172018715612024,12.203580271253148,39.24935276430067,0.0,2,한적한 주거형,3,0.30944107227748524,0.29070298612037104,0.2936099592190155,0.25422270879395703,0.2541796637519419,0.2620037407301745
11170690,서빙고동,용산구,8.150398498225844,6.732937889838739,0.0,12.402780323387152,0.0,2,한적한 주거형,3,0.30944107227748524,0.29070298612037104,0.2936099592190155,0.25422270879395703,0.2541796637519419,0.2620037407301745
11170700,보광동,용산구,12.585720168689775,41.95240056229925,11.187306816613134,39.15557385814597,0.0,2,한적한 주거형,3,0.30944107227748524,0.29070298612037104,0.2936099592190155,0.25422270879395703,0.2541796637519419,0.2620037407301745
11200520,왕십리2동,성동구,34.90631583735285,83.23813776599525,51.01692314690032,102.03384629380064,11.686076041292333,0,"녹지, 교통 중심형",3,0.30944107227748524,0.29070298612037104,0.2936099592190155,0.25422270879395703,0.2541796637519419,0.2620037407301745
11200535,왕십리도선동,성동구,36.60500586709038,80.24943593939042,114.03867212439692,147.82790830940343,10.063798776305902,0,"녹지, 교통 중심형",3,0.30944107227748524,0.29070298612037104,0.2936099592190155,0.25422270879395703,0.2541796637519419,0.2620037407301745
11200540,마장동,성동구,28.011862114028403,48.296313989704146,17.38667303629349,37.67112491196923,3.8943781081911926,0,"녹지, 교통 중심형",3,0.30944107227748524,0.29070298612037104,0.2936099592190155,0.25422270879395703,0.2541796637519419,0.2620037407301745
11200550,사근동,성동구,35.92150840448721,53.02698859710017,5.986918067414536,37.63205642374851,0.8959850524890659,2,한적한 주거형,3,0.30944107227748524,0.29070298612037104,0.2936099592190155,0.25422270879395703,0.2541796637519419,0.2620037407301745
11200560,행당1동,성동구,52.304390539283624,71.48266707035428,88.91746391678214,160.4001309871364,0.0,1,"생활편의, 의료 중심형",3,0.30944107227748524,0.29070298612037104,0.2936099592190155,0.25422270879395703,0.2541796637519419,0.2620037407301745
11200570,행당2동,성동구,56.80963307572596,50.254675413142195,58.994618963253885,222.86856052784802,8.878128612596614,0,"녹지, 교통 중심형",3,0.30944107227748524,0.29070298612037104,0.2936099592190155,0.25422270879395703,0.2541796637519419,0.2620037407301745
11200580,응봉동,성동구,61.4093618375575,27.092365516569487,12.643103907732426,52.378573332034335,5.462176701207525,0,"녹지, 교통 중심형",3,0.30944107227748524,0.29070298612037104,0.2936099592190155,0.25422270879395703,0.2541796637519419,0.2620037407301745
11200590,금호1가동,성동구,89.91342591045003,49.45238425074752,40.46104165970251,150.60498840000378,11.627713933119006,0,"녹지, 교통 중심형",3,0.30944107227748524,0.29070298612037104,0.2936099592190155,0.25422270879395703,0.2541796637519419,0.2620037407301745
11200615,금호2·3가동,성동구,61.78747292910096,60.20317875143171,50.69741368541617,88.72047394947829,6.6242951759076645,0,"녹지, 교통 중심형",3,0.30944107227748524,0.29070298612037104,0.2936099592190155,0.25422270879395703,0.2541796637519419,0.2620037407301745
11200620,금호4가동,성동구,36.04325090902757,21.625950545416543,39.64757599993033,55.266318060508944,1.2216475434271856,2,한적한 주거형,3,0.30944107227748524,0.29070298612037104,0.2936099592190155,0.25422270879395703,0.2541796637519419,0.2620037407301745
11200645,옥수동,성동구,22.372209704910684,13.527382612271575,20.291073918407363,54.62981439571213,1.9049150414688085,2,한적한 주거형,3,0.30944107227748524,0.29070298612037104,0.2936099592190155,0.25422270879395703,0.2541796637519419,0.2620037407301745
11200650,성수1가1동,성동구,16.96825326433815,16.96825326433815,9.014384546679642,57.26785476714125,1.0764967420486535,2,한적한 주거형,3,0.30944107227748524,0.29070298612037104,0.2936099592190155,0.25422270879395703,0.2541796637519419,0.2620037407301745
11200660,성수1가2동,성동구,13.977209498050673,63.43502772192229,45.15713837831756,140.84726494189528,2.1892449478298697,1,"생활편의, 의료 중심형",3,0.30944107227748524,0.29070298612037104,0.2936099592190155,0.25422270879395703,0.2541796637519419,0.2620037407301745
11200670,성수2가1동,성동구,25.317217046962003,45.57099068453161,19.40986640267087,52.32224856372148,1.7075703381664458,2,한적한 주거형,3,0.30944107227748524,0.29070298612037104,0.2936099592190155,0.25422270879395703,0.2541796637519419,0.2620037407301745
11200690,성수2가3동,성동구,19.91462730210072,65.43377542118807,48.36409487653032,135.60912877144776,5.789048444223078,0,"녹지, 교통 중심형",3,0.30944107227748524,0.29070298612037104,0.2936099592190155,0.25422270879395703,0.2541796637519419,0.2620037407301745
11200720,송정동,성동구,19.06394365303508,32.26205848975168,7.332286020398108,41.060801714229406,2.943499296258289,2,한적한 주거형,3,0.30944107227748524,0.29070298612037104,0.2936099592190155,0.25422270879395703,0.2541796637519419,0.2620037407301745
11200790,용답동,성동구,6.3100836720024756,21.874956729608588,10.516806120004128,15.564873057606105,0.44610987477098607,2,한적한 주거형,3,0.30944107227748524,0.29070298612037104,0.2936099592190155,0.25422270879395703,0.2541796637519419,0.2620037407301745
11215710,화양동,광진구,18.86778786029058,92.6236858596083,51.45760325533794,98.62707290606438,3.4640100715420252,1,"생활편의, 의료 중심형",3,0.30944107227748524,0.29070298612037104,0.2936099592190155,0.25422270879395703,0.2541796637519419,0.2620037407301745
11215730,군자동,광진구,29.80927074339487,90.78277908215709,50.133773522982274,124.65695038146944,1.363665739162157,1,"생활편의, 의료 중심형",3,0.30944107227748524,0.29070298612037104,0.2936099592190155,0.25422270879395703,0.2541796637519419,0.2620037407301745
11215740,중곡1동,광진구,29.29188155970036,66.72039688598416,55.32910961276735,89.50297143241777,1.6435300457994606,1,"생활편의, 의료 중심형",3,0.30944107227748524,0.29070298612037104,0.2936099592190155,0.25422270879395703,0.2541796637519419,0.2620037407301745
11215750,중곡2동,광진구,31.16166524352058,104.48323052239253,86.15283920267454,183.30391319717987,0.0,1,"생활편의, 의료 중심형",3,0.30944107227748524,0.29070298612037104,0.2936099592190155,0.25422270879395703,0.2541796637519419,0.2620037407301745
11215760,중곡3동,광진구,38.214472052446744,71.44444775022649,41.53746962222471,63.13695382578157,1.6776468915793243,1,"생활편의, 의료 중심형",3,0.30944107227748524,0.29070298612037104,0.2936099592190155,0.25422270879395703,0.2541796637519419,0.2620037407301745
11215770,중곡4동,광진구,14.696549632461112,19.45131569002206,12.96754379334804,29.825350724700492,0.870869983559069,2,한적한 주거형,3,0.30944107227748524,0.29070298612037104,0.2936099592190155,0.25422270879395703,0.2541796637519419,0.2620037407301745
11215780,능동,광진구,11.903619607497633,31.132543588839965,18.313260934611744,52.19279366364347,0.0,2,한적한 주거형,3,0.30944107227748524,0.29070298612037104,0.2936099592190155,0.25422270879395703,0.2541796637519419,0.2620037407301745
11215810,광장동,광진구,16.292352607341275,20.88763154787343,13.785836821596462,52.636831500641044,0.4219802875827575,2,한적한 주거형,3,0.30944107227748524,0.29070298612037104,0.2936099592190155,0.25422270879395703,0.2541796637519419,0.2620037407301745
11215820,자양1동,광진구,22.852407266682665,91.40962906673066,114.26203633341332,133.59868863599098,5.326115636261697,0,"녹지, 교통 중심형",3,0.30944107227748524,0.29070298612037104,0.2936099592190155,0.25422270879395703,0.2541796637519419,0.2620037407301745
11215830,자양2동,광진구,10.256268350923266,36.80190408272466,20.51253670184653,51.281341754616335,1.2176175422126763,2,한적한 주거형,3,0.30944107227748524,0.29070298612037104,0.2936099592190155,0.25422270879395703,0.2541796637519419,0.2620037407301745
11230710,회기동,동대문구,13.03922501114362,52.15690004457449,16.950992514486707,59.98043505126065,0.0,2,한적한 주거형,3,0.30944107227748524,0.29070298612037104,0.2936099592190155,0.25422270879395703,0.2541796637519419,0.2620037407301745
11230720,휘경1동,동대문구,30.663310132332267,78.57473221410143,42.16205143195687,82.40764598064297,0.0,1,"생활편의, 의료 중심형",3,0.30944107227748524,0.29070298612037104,0.2936099592190155,0.25422270879395703,0.2541796637519419,0.2620037407301745
11230730,휘경2동,동대문구,16.16366509276017,41.30714412594265,11.67375812254901,58.36879061274505,0.0,2,한적한 주거형,3,0.30944107227748524,0.29070298612037104,0.2936099592190155,0.25422270879395703,0.2541796637519419,0.2620037407301745
11230740,이문1동,동대문구,27.895280790932198,57.71437405020455,62.523905221054925,85.60965484113675,0.0,1,"생활편의, 의료 중심형",3,0.30944107227748524,0.29070298612037104,0.2936099592190155,0.25422270879395703,0.2541796637519419,0.2620037407301745
11230750,이문2동,동대문구,15.195681640863711,35.917065696586945,17.958532848293473,80.12268501546319,0.0,2,한적한 주거형,3,0.30944107227748524,0.29070298612037104,0.2936099592190155,0.25422270879395703,0.2541796637519419,0.2620037407301745
11260520,면목2동,중랑구,30.13936707365024,96.97013754130947,30.13936707365024,68.14117773173098,0.0,1,"생활편의, 의료 중심형",3,0.30944107227748524,0.29070298612037104,0.2936099592190155,0.25422270879395703,0.2541796637519419,0.2620037407301745
11260540,면목4동,중랑구,16.598170551201683,61.650347761606255,10.670252497201082,58.093596929205894,0.0,2,한적한 주거형,3,0.30944107227748524,0.29070298612037104,0.2936099592190155,0.25422270879395703,0.2541796637519419,0.2620037407301745
11260550,면목5동,중랑구,15.604255528577506,35.464217110403425,8.511412106496822,22.69709895065819,0.0,2,한적한 주거형,3,0.30944107227748524,0.29070298612037104,0.2936099592190155,0.25422270879395703,0.2541796637519419,0.2620037407301745
11260565,면목본동,중랑구,34.157080953918744,100.11558210631357,80.09246568505085,82.44812644049352,0.0,1,"생활편의, 의료 중심형",3,0.30944107227748524,0.29070298612037104,0.2936099592190155,0.25422270879395703,0.2541796637519419,0.2620037407301745
11260570,면목7동,중랑구,14.561526073263195,34.78586784168431,50.96534125642119,38.02176252463169,0.0,2,한적한 주거형,3,0.30944107227748524,0.29070298612037104,0.2936099592190155,0.25422270879395703,0.2541796637519419,0.2620037407301745
11260575,면목3·8동,중랑구,19.205550477216214,30.97669431809066,21.06415213630165,34.074363749899724,0.0,2,한적한 주거형,3,0.30944107227748524,0.29070298612037104,0.2936099592190155,0.25422270879395703,0.2541796637519419,0.2620037407301745
11260580,상봉1동,중랑구,18.73056516609178,64.3863177584405,28.095847749137675,70.23961937284417,0.0,2,한적한 주거형,3,0.30944107227748524,0.29070298612037104,0.2936099592190155,0.25422270879395703,0.2541796637519419,0.2620037407301745
11260590,상봉2동,중랑구,29.522681820949476,110.71005682856054,94.47258182703834,75.28283864342117,0.0,1,"생활편의, 의료 중심형",3,0.30944107227748524,0.29070298612037104,0.2936099592190155,0.25422270879395703,0.2541796637519419,0.2620037407301745
11260600,중화1동,중랑구,21.824073581530605,68.58994554195333,35.85383516965742,101.32605591424924,0.0,1,"생활편의, 의료 중심형",3,0.30944107227748524,0.29070298612037104,0.2936099592190155,0.25422270879395703,0.2541796637519419,0.2620037407301745
11260610,중화2동,중랑구,30.48315396112102,59.98298037510911,39.33310188531745,41.29975697958332,0.0,1,"생활편의, 의료 중심형",3,0.30944107227748524,0.29070298612037104,0.2936099592190155,0.25422270879395703,0.2541796637519419,0.2620037407301745
11260620,묵1동,중랑구,26.64651311198303,46.83326546954593,29.87639348919309,68.63495801571386,0.0,2,한적한 주거형,3,0.30944107227748524,0.29070298612037104,0.2936099592190155,0.25422270879395703,0.2541796637519419,0.2620037407301745
11260630,묵2동,중랑구,31.380585741916224,67.2441123041062,38.8521537757058,74.71568033789576,0.0,1,"생활편의, 의료 중심형",3,0.30944107227748524,0.29070298612037104,0.2936099592190155,0.25422270879395703,0.2541796637519419,0.2620037407301745
11260655,망우본동,중랑구,19.673629388442272,35.95525370991173,29.510444082663405,35.276852696517174,0.0,2,한적한 주거형,3,0.30944107227748524,0.29070298612037104,0.2936099592190155,0.25422270879395703,0.2541796637519419,0.2620037407301745
11260660,망우3동,중랑구,11.427843785005722,40.516900692293014,15.58342334318962,35.32242624456314,0.0,2,한적한 주거형,3,0.30944107227748524,0.29070298612037104,0.2936099592190155,0.25422270879395703,0.2541796637519419,0.2620037407301745
11260680,신내1동,중랑구,20.713870144695136,19.946689768965683,13.425656575265364,43.72928141657862,0.0,2,한적한 주거형,3,0.30944107227748524,0.29070298612037104,0.2936099592190155,0.25422270879395703,0.2541796637519419,0.2620037407301745
11260690,신내2동,중랑구,20.84976781734437,31.82332982647299,32.92068602738585,103.15148288580902,0.0,2,한적한 주거형,3,0.30944107227748524,0.29070298612037104,0.2936099592190155,0.25422270879395703,0.2541796637519419,0.2620037407301745
11290525,성북동,성북구,15.97271030534868,13.889313308998851,9.722519316299197,42.01517275972152,0.0,2,한적한 주거형,3,0.30944107227748524,0.29070298612037104,0.2936099592190155,0.25422270879395703,0.2541796637519419,0.2620037407301745
11290555,삼선동,성북구,42.10631672176596,56.141755629021276,57.22140477573322,136.0357924857054,1.1979463037171756,1,"생활편의, 의료 중심형",3,0.30944107227748524,0.29070298612037104,0.2936099592190155,0.25422270879395703,0.2541796637519419,0.2620037407301745
11320681,쌍문4동,도봉구,30.63794219415422,52.26472491943955,19.824550831511555,160.39863854586622,0.0,1,"생활편의, 의료 중심형",3,0.30944107227748524,0.29070298612037104,0.2936099592190155,0.25422270879395703,0.2541796637519419,0.2620037407301745
11320690,방학1동,도봉구,31.704647218935683,69.17377575040513,65.33078820871596,103.7606636256077,3.875758617950928,0,"녹지, 교통 중심형",3,0.30944107227748524,0.29070298612037104,0.2936099592190155,0.25422270879395703,0.2541796637519419,0.2620037407301745
11320700,방학2동,도봉구,21.04657859864775,43.00822583201931,14.641098155581044,29.282196311162085,4.614874138639144,0,"녹지, 교통 중심형",3,0.30944107227748524,0.29070298612037104,0.2936099592190155,0.25422270879395703,0.2541796637519419,0.2620037407301745
11320710,방학3동,도봉구,13.326323745808732,14.351425572409406,10.251018266006716,33.82836027782217,0.5175380336867479,2,한적한 주거형,3,0.30944107227748524,0.29070298612037104,0.2936099592190155,0.25422270879395703,0.2541796637519419,0.2620037407301745
11350560,월계1동,노원구,39.7305326850694,46.954265900536555,38.827566033136,48.76019920440334,3.255194780219889,0,"녹지, 교통 중심형",3,0.30944107227748524,0.29070298612037104,0.2936099592190155,0.25422270879395703,0.2541796637519419,0.2620037407301745
11350570,월계2동,노원구,20.949881962488462,17.458234968740385,6.484487274103572,24.94033566962912,5.24067781778923,0,"녹지, 교통 중심형",3,0.30944107227748524,0.29070298612037104,0.2936099592190155,0.25422270879395703,0.2541796637519419,0.2620037407301745
11350580,월계3동,노원구,23.110833784073478,23.966790590891016,16.26317932953319,25.67870420452609,0.0,2,한적한 주거형,3,0.30944107227748524,0.29070298612037104,0.2936099592190155,0.25422270879395703,0.2541796637519419,0.2620037407301745
11350595,공릉1동,노원구,37.99691226069865,64.91139177869353,55.41216371351887,86.28465492533653,0.0,1,"생활편의, 의료 중심형",3,0.30944107227748524,0.29070298612037104,0.2936099592190155,0.25422270879395703,0.2541796637519419,0.2620037407301745
11350600,공릉2동,노원구,6.873394121032027,9.737308338128706,6.443806988467526,22.911313736773426,0.0,2,한적한 주거형,3,0.30944107227748524,0.29070298612037104,0.2936099592190155,0.25422270879395703,0.2541796637519419,0.2620037407301745
11350611,하계1동,노원구,20.955286456684245,26.194108070855304,11.132495930113503,50.42365803639647,0.0,2,한적한 주거형,3,0.30944107227748524,0.29070298612037104,0.2936099592190155,0.25422270879395703,0.2541796637519419,0.2620037407301745
11350612,하계2동,노원구,45.99785849636137,29.998603367192196,15.999255129169171,55.9973929520921,0.0,2,한적한 주거형,3,0.30944107227748524,0.29070298612037104,0.2936099592190155,0.25422270879395703,0.2541796637519419,0.2620037407301745
11350619,중계본동,노원구,8.244649644538223,16.489299289076442,15.11519101498674,156.6483432462262,10.458036091363235,0,"녹지, 교통 중심형",3,0.30944107227748524,0.29070298612037104,0.2936099592190155,0.25422270879395703,0.2541796637519419,0.2620037407301745
11350621,중계1동,노원구,28.871573954067635,51.32724258500913,52.931218915790666,397.7861300338207,0.0,1,"생활편의, 의료 중심형",3,0.30944107227748524,0.29070298612037104,0.2936099592190155,0.25422270879395703,0.2541796637519419,0.2620037407301745
11350624,중계4동,노원구,4.606934278285265,17.111470176488126,23.69280485975279,55.941344807749644,0.0,2,한적한 주거형,3,0.30944107227748524,0.29070298612037104,0.2936099592190155,0.25422270879395703,0.2541796637519419,0.2620037407301745
11350665,상계3·4동,노원구,4.0293889916096415,7.675026650685032,4.796891656678145,10.745037310959043,0.0,2,한적한 주거형,3,0.30944107227748524,0.29070298612037104,0.2936099592190155,0.25422270879395703,0.2541796637519419,0.2620037407301745
11350670,상계5동,노원구,30.874714613031664,66.16010274221071,24.258704338810592,114.67751141983189,0.0,1,"생활편의, 의료 중심형",3,0.30944107227748524,0.29070298612037104,0.2936099592190155,0.25422270879395703,0.2541796637519419,0.2620037407301745
11350695,상계6·7동,노원구,20.685440889299883,39.30233768966978,125.4916747284193,100.66914566125944,0.0,1,"생활편의, 의료 중심형",3,0.30944107227748524,0.29070298612037104,0.2936099592190155,0.25422270879395703,0.2541796637519419,0.2620037407301745
11350700,상계8동,노원구,19.509324197460444,19.509324197460444,42.02008288683788,66.0315588221738,0.0,2,한적한 주거형,3,0.30944107227748524,0.29070298612037104,0.2936099592190155,0.25422270879395703,0.2541796637519419,0.2620037407301745
11350710,상계9동,노원구,25.01928279236417,29.189163257758196,40.30884449880893,88.95744992840592,0.0,2,한적한 주거형,3,0.30944107227748524,0.29070298612037104,0.2936099592190155,0.25422270879395703,0.2541796637519419,0.2620037407301745
11350720,상계10동,노원구,29.65839134166949,19.77226089444632,9.88613044722316,65.49561421285344,0.0,2,한적한 주거형,3,0.30944107227748524,0.29070298612037104,0.2936099592190155,0.25422270879395703,0.2541796637519419,0.2620037407301745
11380510,녹번동,은평구,16.16305712594423,39.01427582124469,21.179178302961404,80.81528562972115,0.0,2,한적한 주거형,3,0.30944107227748524,0.29070298612037104,0.2936099592190155,0.25422270879395703,0.2541796637519419,0.2620037407301745
11380520,불광1동,은평구,12.800299870013502,16.000374837516876,25.28059224327667,25.920607236777343,0.0,2,한적한 주거형,3,0.30944107227748524,0.29070298612037104,0.2936099592190155,0.25422270879395703,0.2541796637519419,0.2620037407301745
11380530,불광2동,은평구,19.339741800806774,40.82834380170319,22.204888734259622,50.85635806878818,0.0,2,한적한 주거형,3,0.30944107227748524,0.29070298612037104,0.2936099592190155,0.25422270879395703,0.2541796637519419,0.2620037407301745
11380551,갈현1동,은평구,34.33668204052228,50.98477030259369,50.98477030259369,70.75437511380349,0.0,1,"생활편의, 의료 중심형",3,0.30944107227748524,0.29070298612037104,0.2936099592190155,0.25422270879395703,0.2541796637519419,0.2620037407301745
11380552,갈현2동,은평구,30.451741625758235,66.99383157666811,29.43668357156629,176.62010142939778,0.0,1,"생활편의, 의료 중심형",3,0.30944107227748524,0.29070298612037104,0.2936099592190155,0.25422270879395703,0.2541796637519419,0.2620037407301745
11380560,구산동,은평구,25.183932775585298,35.25750588581942,20.14714622046824,70.51501177163883,0.0,2,한적한 주거형,3,0.30944107227748524,0.29070298612037104,0.2936099592190155,0.25422270879395703,0.2541796637519419,0.2620037407301745
11380570,대조동,은평구,30.527451771824552,84.53755875274491,122.1098070872982,135.0252674523009,0.0,1,"생활편의, 의료 중심형",3,0.30944107227748524,0.29070298612037104,0.2936099592190155,0.25422270879395703,0.2541796637519419,0.2620037407301745
11380580,응암1동,은평구,20.72328218460634,45.95162571369232,76.58604285615387,114.42855814978282,0.0,1,"생활편의, 의료 중심형",3,0.30944107227748524,0.29070298612037104,0.2936099592190155,0.25422270879395703,0.2541796637519419,0.2620037407301745
11380590,응암2동,은평구,45.01838795073031,35.74989631381524,25.157334443055174,91.36084613530562,0.0,1,"생활편의, 의료 중심형",3,0.30944107227748524,0.29070298612037104,0.2936099592190155,0.25422270879395703,0.2541796637519419,0.2620037407301745
11380600,응암3동,은평구,33.21054591600748,69.07793550529556,65.09266999537466,104.94532509458364,0.0,1,"생활편의, 의료 중심형",3,0.30944107227748524,0.29070298612037104,0.2936099592190155,0.25422270879395703,0.2541796637519419,0.2620037407301745
11380625,역촌동,은평구,43.1949695121504,70.83974999992665,48.37836585360844,144.27119817058232,0.0,1,"생활편의, 의료 중심형",3,0.30944107227748524,0.29070298612037104,0.2936099592190155,0.25422270879395703,0.2541796637519419,0.2620037407301745
11380631,신사1동,은평구,30.928590477629008,60.620037336152855,43.30002666868061,76.70290438451994,0.0,1,"생활편의, 의료 중심형",3,0.30944107227748524,0.29070298612037104,0.2936099592190155,0.25422270879395703,0.2541796637519419,0.2620037407301745
11380632,신사2동,은평구,30.586241544161,36.32116183369119,16.24894082033553,66.90740337785218,0.0,2,한적한 주거형,3,0.30944107227748524,0.29070298612037104,0.2936099592190155,0.25422270879395703,0.2541796637519419,0.2620037407301745
11380640,증산동,은평구,14.862351185721653,35.917348698827325,27.24764384048969,70.59616813217784,0.0,2,한적한 주거형,3,0.30944107227748524,0.29070298612037104,0.2936099592190155,0.25422270879395703,0.2541796637519419,0.2620037407301745
11380650,수색동,은평구,16.27581906928988,13.17566305609181,10.075507042893737,13.17566305609181,0.0,2,한적한 주거형,3,0.30944107227748524,0.29070298612037104,0.2936099592190155,0.25422270879395703,0.2541796637519419,0.2620037407301745
11380690,진관동,은평구,6.225621983947011,5.447419235953635,6.052688039948484,14.785852211874152,0.0,2,한적한 주거형,3,0.30944107227748524,0.29070298612037104,0.2936099592190155,0.25422270879395703,0.2541796637519419,0.2620037407301745
11410520,천연동,서대문구,36.62942118909511,34.59445334525648,24.4196141260634,61.049035315158505,0.0,2,한적한 주거형,3,0.30944107227748524,0.29070298612037104,0.2936099592190155,0.25422270879395703,0.2541796637519419,0.2620037407301745
11410555,북아현동,서대문구,37.041512178148835,56.65172450775704,67.54628691309493,104.58779909124378,0.0,1,"생활편의, 의료 중심형",3,0.30944107227748524,0.29070298612037104,0.2936099592190155,0.25422270879395703,0.2541796637519419,0.2620037407301745
11410565,충현동,서대문구,41.21858819325618,55.555488434388764,21.50535036169888,62.723938554955055,0.0,1,"생활편의, 의료 중심형",3,0.30944107227748524,0.29070298612037104,0.2936099592190155,0.25422270879395703,0.2541796637519419,0.2620037407301745
11410585,신촌동,서대문구,18.01229686942557,52.93409692239351,22.42347161295836,102.92741068243183,0.0,2,한적한 주거형,3,0.30944107227748524,0.29070298612037104,0.2936099592190155,0.25422270879395703,0.2541796637519419,0.2620037407301745
11410615,연희동,서대문구,19.45942477727558,24.580326034453364,13.99713010295261,59.06106116611711,0.0,2,한적한 주거형,3,0.30944107227748524,0.29070298612037104,0.2936099592190155,0.25422270879395703,0.2541796637519419,0.2620037407301745
11410620,홍제1동,서대문구,18.613955012695694,32.37209567425338,39.65581720096039,72.02791287521377,0.0,2,한적한 주거형,3,0.30944107227748524,0.29070298612037104,0.2936099592190155,0.25422270879395703,0.2541796637519419,0.2620037407301745
11410640,홍제3동,서대문구,34.381317422757824,36.0584548580143,36.0584548580143,72.95547843365684,0.0,2,한적한 주거형,3,0.30944107227748524,0.29070298612037104,0.2936099592190155,0.25422270879395703,0.2541796637519419,0.2620037407301745
11410655,홍제2동,서대문구,12.857553168999155,30.000957394331365,15.714787206554526,68.57361690132883,0.0,2,한적한 주거형,3,0.30944107227748524,0.29070298612037104,0.2936099592190155,0.25422270879395703,0.2541796637519419,0.2620037407301745
11410660,홍은1동,서대문구,19.81252259912964,19.812522599129636,9.906261299564818,41.48246919192768,0.0,2,한적한 주거형,3,0.30944107227748524,0.29070298612037104,0.2936099592190155,0.25422270879395703,0.2541796637519419,0.2620037407301745
11410685,홍은2동,서대문구,34.21547328890955,26.50494409704261,7.228621117375257,47.226991300185006,0.0,2,한적한 주거형,3,0.30944107227748524,0.29070298612037104,0.2936099592190155,0.25422270879395703,0.2541796637519419,0.2620037407301745
11410690,남가좌1동,서대문구,33.64621922289802,33.64621922289802,71.49821584865829,109.35021247441857,0.0,1,"생활편의, 의료 중심형",3,0.30944107227748524,0.29070298612037104,0.2936099592190155,0.25422270879395703,0.2541796637519419,0.2620037407301745
11410700,남가좌2동,서대문구,31.896912933954116,75.2767145241317,58.69031979847557,131.41528128789096,0.0,1,"생활편의, 의료 중심형",3,0.30944107227748524,0.29070298612037104,0.2936099592190155,0.25422270879395703,0.2541796637519419,0.2620037407301745
11410710,북가좌1동,서대문구,19.031819263398805,50.174796239869586,39.793803914379325,100.34959247973916,0.0,2,한적한 주거형,3,0.30944107227748524,0.29070298612037104,0.2936099592190155,0.25422270879395703,0.2541796637519419,0.2620037407301745
11410720,북가좌2동,서대문구,43.643429733994886,76.37600203449105,46.06806471921682,143.05346412809436,0.0,1,"생활편의, 의료 중심형",3,0.30944107227748524,0.29070298612037104,0.2936099592190155,0.25422270879395703,0.2541796637519419,0.2620037407301745
11440555,아현동,마포구,24.182893565610364,60.457233914025906,99.41856243639816,163.9062786113591,0.0,1,"생활편의, 의료 중심형",3,0.30944107227748524,0.29070298612037104,0.2936099592190155,0.25422270879395703,0.2541796637519419,0.2620037407301745
11440565,공덕동,마포구,38.26540325580783,67.70032883719847,60.832179534874,133.43832930230425,0.0,1,"생활편의, 의료 중심형",3,0.30944107227748524,0.29070298612037104,0.2936099592190155,0.25422270879395703,0.2541796637519419,0.2620037407301745
11440585,도화동,마포구,57.598315775492196,65.59808185542167,124.79635084689976,187.1945262703496,0.0,1,"생활편의, 의료 중심형",3,0.30944107227748524,0.29070298612037104,0.2936099592190155,0.25422270879395703,0.2541796637519419,0.2620037407301745
11350625,중계2·3동,노원구,34.817304489134585,42.433589846132776,40.25750831556186,72.89873127412554,0.0,2,한적한 주거형,3,0.30944107227748524,0.29070298612037104,0.2936099592190155,0.25422270879395703,0.2541796637519419,0.2620037407301745
11350630,상계1동,노원구,5.552867372082465,13.511977272067334,8.514396637193114,20.73070485577454,0.0,2,한적한 주거형,3,0.30944107227748524,0.29070298612037104,0.2936099592190155,0.25422270879395703,0.2541796637519419,0.2620037407301745
11350640,상계2동,노원구,40.1203292124875,86.65991109897297,115.54654813196396,234.30272260092696,0.0,1,"생활편의, 의료 중심형",3,0.30944107227748524,0.29070298612037104,0.2936099592190155,0.25422270879395703,0.2541796637519419,0.2620037407301745
11440700,망원2동,마포구,51.74372549097011,57.657294118509554,25.132666667042624,146.36082353160117,0.0,1,"생활편의, 의료 중심형",3,0.30944107227748524,0.29070298612037104,0.2936099592190155,0.25422270879395703,0.2541796637519419,0.2620037407301745
11440710,연남동,마포구,33.980089172032926,83.40567342226264,15.445495078196783,188.43503995400076,0.0,1,"생활편의, 의료 중심형",3,0.30944107227748524,0.29070298612037104,0.2936099592190155,0.25422270879395703,0.2541796637519419,0.2620037407301745
11440720,성산1동,마포구,29.094995369992084,61.68139018438322,17.456997221995252,129.18177944276485,0.0,1,"생활편의, 의료 중심형",3,0.30944107227748524,0.29070298612037104,0.2936099592190155,0.25422270879395703,0.2541796637519419,0.2620037407301745
11440730,성산2동,마포구,22.236557147741287,37.397846112110344,20.21505195249208,75.301068523033,0.0,2,한적한 주거형,3,0.30944107227748524,0.29070298612037104,0.2936099592190155,0.25422270879395703,0.2541796637519419,0.2620037407301745
11440740,상암동,마포구,11.901340840287137,11.187260389869909,7.140804504172282,21.1843866957111,0.0,2,한적한 주거형,3,0.30944107227748524,0.29070298612037104,0.2936099592190155,0.25422270879395703,0.2541796637519419,0.2620037407301745
11470510,목1동,양천구,17.444566570701436,38.37804645554316,90.71174616764746,206.54366819710503,0.0,1,"생활편의, 의료 중심형",3,0.30944107227748524,0.29070298612037104,0.2936099592190155,0.25422270879395703,0.2541796637519419,0.2620037407301745
11470520,목2동,양천구,17.623639944167824,46.01728207643821,25.456368808242413,93.99274636889507,0.0,2,한적한 주거형,3,0.30944107227748524,0.29070298612037104,0.2936099592190155,0.25422270879395703,0.2541796637519419,0.2620037407301745
11470530,목3동,양천구,16.922062084028553,77.0893939383523,110.9335181064094,142.89741315401884,0.0,1,"생활편의, 의료 중심형",3,0.30944107227748524,0.29070298612037104,0.2936099592190155,0.25422270879395703,0.2541796637519419,0.2620037407301745
11320512,창2동,도봉구,35.144441111525474,99.32124661952851,25.97632603895361,90.15313154695666,12.44432571356363,0,"녹지, 교통 중심형",3,0.30944107227748524,0.29070298612037104,0.2936099592190155,0.25422270879395703,0.2541796637519419,0.2620037407301745
11320513,창3동,도봉구,21.35821884912791,59.497895365427745,25.93498003108389,32.03732827369187,9.651245142449675,0,"녹지, 교통 중심형",3,0.30944107227748524,0.29070298612037104,0.2936099592190155,0.25422270879395703,0.2541796637519419,0.2620037407301745
11320514,창4동,도봉구,32.451253858030874,31.57419294294896,35.08243660327662,94.72257882884688,4.532519250006076,0,"녹지, 교통 중심형",3,0.30944107227748524,0.29070298612037104,0.2936099592190155,0.25422270879395703,0.2541796637519419,0.2620037407301745
11320515,창5동,도봉구,28.511150617819176,69.85231901365698,65.5756464209841,192.45026667027943,2.898514849684041,1,"생활편의, 의료 중심형",3,0.30944107227748524,0.29070298612037104,0.2936099592190155,0.25422270879395703,0.2541796637519419,0.2620037407301745
11320521,도봉1동,도봉구,4.25961506860235,6.981035806876072,2.721420738273723,5.3245188357529365,0.8354891821405199,2,한적한 주거형,3,0.30944107227748524,0.29070298612037104,0.2936099592190155,0.25422270879395703,0.2541796637519419,0.2620037407301745
11320522,도봉2동,도봉구,41.107000183095494,34.851587111754874,13.404456581444183,41.107000183095494,4.499107552213475,0,"녹지, 교통 중심형",3,0.30944107227748524,0.29070298612037104,0.2936099592190155,0.25422270879395703,0.2541796637519419,0.2620037407301745
11320660,쌍문1동,도봉구,37.42215734911594,47.6282002625112,12.757553641744073,42.52517880581357,5.815956079377093,0,"녹지, 교통 중심형",3,0.30944107227748524,0.29070298612037104,0.2936099592190155,0.25422270879395703,0.2541796637519419,0.2620037407301745
11320670,쌍문2동,도봉구,25.86879416882502,72.06306947029827,68.3675274461804,136.7350548923608,1.86659979867181,1,"생활편의, 의료 중심형",3,0.30944107227748524,0.29070298612037104,0.2936099592190155,0.25422270879395703,0.2541796637519419,0.2620037407301745
11320680,쌍문3동,도봉구,31.69537727715498,75.27652103324307,49.52402699555465,85.181326432354,3.988546276557182,0,"녹지, 교통 중심형",3,0.30944107227748524,0.29070298612037104,0.2936099592190155,0.25422270879395703,0.2541796637519419,0.2620037407301745
11500550,화곡2동,강서구,61.58981472895595,87.98544961279423,35.19417984511769,123.1796294579119,0.0,1,"생활편의, 의료 중심형",3,0.30944107227748524,0.29070298612037104,0.2936099592190155,0.25422270879395703,0.2541796637519419,0.2620037407301745
11500604,가양2동,강서구,16.992881229778497,21.847990152572354,41.26842584374778,23.06176738327082,0.0,2,한적한 주거형,3,0.30944107227748524,0.29070298612037104,0.2936099592190155,0.25422270879395703,0.2541796637519419,0.2620037407301745
11470540,목4동,양천구,24.24269880364953,100.43403790083377,72.7280964109486,230.30563863467057,0.0,1,"생활편의, 의료 중심형",3,0.30944107227748524,0.29070298612037104,0.2936099592190155,0.25422270879395703,0.2541796637519419,0.2620037407301745
11470550,목5동,양천구,15.85180234958413,25.47611091897449,27.740654111772223,276.8404053195228,0.0,2,한적한 주거형,3,0.30944107227748524,0.29070298612037104,0.2936099592190155,0.25422270879395703,0.2541796637519419,0.2620037407301745
11470560,신월1동,양천구,14.46016479191414,88.36767372836421,30.52701456070763,77.12087889020876,0.0,1,"생활편의, 의료 중심형",3,0.30944107227748524,0.29070298612037104,0.2936099592190155,0.25422270879395703,0.2541796637519419,0.2620037407301745
11470570,신월2동,양천구,14.831627014702477,60.97446661599906,32.95917114378328,97.22955487416067,0.0,2,한적한 주거형,3,0.30944107227748524,0.29070298612037104,0.2936099592190155,0.25422270879395703,0.2541796637519419,0.2620037407301745
11470580,신월3동,양천구,13.071333533724989,40.30327839565205,16.339166917156238,39.214000601174966,0.0,2,한적한 주거형,3,0.30944107227748524,0.29070298612037104,0.2936099592190155,0.25422270879395703,0.2541796637519419,0.2620037407301745
11470590,신월4동,양천구,21.28233152867085,65.97522773887964,44.6928962102088,106.41165764335426,0.0,1,"생활편의, 의료 중심형",3,0.30944107227748524,0.29070298612037104,0.2936099592190155,0.25422270879395703,0.2541796637519419,0.2620037407301745
11470600,신월5동,양천구,20.36652059347793,54.83294005936366,17.23320973294286,72.0661497923065,0.0,2,한적한 주거형,3,0.30944107227748524,0.29070298612037104,0.2936099592190155,0.25422270879395703,0.2541796637519419,0.2620037407301745
11470610,신월6동,양천구,27.00960908231976,29.260409839179733,45.0160151371996,105.78763557241903,0.0,2,한적한 주거형,3,0.30944107227748524,0.29070298612037104,0.2936099592190155,0.25422270879395703,0.2541796637519419,0.2620037407301745
11470611,신월7동,양천구,15.43927636987828,26.81558527399912,15.43927636987828,31.69114623290805,0.0,2,한적한 주거형,3,0.30944107227748524,0.29070298612037104,0.2936099592190155,0.25422270879395703,0.2541796637519419,0.2620037407301745
11470620,신정1동,양천구,37.45477449871652,40.130115534339126,53.50682071245217,176.57250835109215,0.0,1,"생활편의, 의료 중심형",3,0.30944107227748524,0.29070298612037104,0.2936099592190155,0.25422270879395703,0.2541796637519419,0.2620037407301745
11470630,신정2동,양천구,26.62107962450589,60.84818199887061,70.35571043619413,387.90716024280016,0.0,1,"생활편의, 의료 중심형",3,0.30944107227748524,0.29070298612037104,0.2936099592190155,0.25422270879395703,0.2541796637519419,0.2620037407301745
11470640,신정3동,양천구,21.04090045867568,19.952578021157972,22.129222896193387,46.072316521582955,0.0,2,한적한 주거형,3,0.30944107227748524,0.29070298612037104,0.2936099592190155,0.25422270879395703,0.2541796637519419,0.2620037407301745
11500560,화곡3동,강서구,17.246067823350018,67.06804153525007,101.5601771819501,195.45543533130015,0.0,1,"생활편의, 의료 중심형",3,0.30944107227748524,0.29070298612037104,0.2936099592190155,0.25422270879395703,0.2541796637519419,0.2620037407301745
11500570,화곡4동,강서구,35.209245120298256,58.682075200497096,43.42473564836785,72.76577324861641,0.0,1,"생활편의, 의료 중심형",3,0.30944107227748524,0.29070298612037104,0.2936099592190155,0.25422270879395703,0.2541796637519419,0.2620037407301745
11500590,화곡본동,강서구,25.700738024008583,68.87797790434301,29.81285610784996,82.24236167682747,0.0,1,"생활편의, 의료 중심형",3,0.30944107227748524,0.29070298612037104,0.2936099592190155,0.25422270879395703,0.2541796637519419,0.2620037407301745
11500591,화곡6동,강서구,27.94072720201766,60.69882116300388,31.79462060919251,55.88145440403532,0.0,2,한적한 주거형,3,0.30944107227748524,0.29070298612037104,0.2936099592190155,0.25422270879395703,0.2541796637519419,0.2620037407301745
11500593,화곡8동,강서구,47.19187608950619,85.95663144874344,62.36069340399034,74.15866242636689,0.0,1,"생활편의, 의료 중심형",3,0.30944107227748524,0.29070298612037104,0.2936099592190155,0.25422270879395703,0.2541796637519419,0.2620037407301745
11500603,가양1동,강서구,13.076653349876361,28.567458087422203,26.15330669975272,50.09364129414175,0.0,2,한적한 주거형,3,0.30944107227748524,0.29070298612037104,0.2936099592190155,0.25422270879395703,0.2541796637519419,0.2620037407301745
11440590,용강동,마포구,29.091770891548563,63.24298019901862,48.064664951254144,204.90725584482033,0.0,1,"생활편의, 의료 중심형",3,0.30944107227748524,0.29070298612037104,0.2936099592190155,0.25422270879395703,0.2541796637519419,0.2620037407301745
11440600,대흥동,마포구,39.60074102393521,64.06002224460106,79.20148204787041,244.5928122066586,0.0,1,"생활편의, 의료 중심형",3,0.30944107227748524,0.29070298612037104,0.2936099592190155,0.25422270879395703,0.2541796637519419,0.2620037407301745
11440610,염리동,마포구,20.34719035695593,67.14572817795458,26.45134746404271,177.0205561055166,0.0,1,"생활편의, 의료 중심형",3,0.30944107227748524,0.29070298612037104,0.2936099592190155,0.25422270879395703,0.2541796637519419,0.2620037407301745
11440630,신수동,마포구,30.079730241614115,55.14617210962588,28.826408148213527,124.07888724665823,0.0,1,"생활편의, 의료 중심형",3,0.30944107227748524,0.29070298612037104,0.2936099592190155,0.25422270879395703,0.2541796637519419,0.2620037407301745
11440655,서강동,마포구,43.28486895973341,35.168956029783395,12.850195472420856,110.91747670931687,0.0,2,한적한 주거형,3,0.30944107227748524,0.29070298612037104,0.2936099592190155,0.25422270879395703,0.2541796637519419,0.2620037407301745
11440660,서교동,마포구,50.62595532520131,113.16390013868526,120.906693306069,387.13965836918646,0.0,1,"생활편의, 의료 중심형",3,0.30944107227748524,0.29070298612037104,0.2936099592190155,0.25422270879395703,0.2541796637519419,0.2620037407301745
11440680,합정동,마포구,16.93540471523697,30.366932592838708,16.93540471523697,92.26875672439454,0.0,2,한적한 주거형,3,0.30944107227748524,0.29070298612037104,0.2936099592190155,0.25422270879395703,0.2541796637519419,0.2620037407301745
11440690,망원1동,마포구,22.70653075552943,51.7708901226071,41.78001659017415,79.01872702924241,0.0,2,한적한 주거형,3,0.30944107227748524,0.29070298612037104,0.2936099592190155,0.25422270879395703,0.2541796637519419,0.2620037407301745
11470650,신정4동,양천구,20.05729358921861,95.2721445487884,86.24636243364003,220.6302294814047,0.0,1,"생활편의, 의료 중심형",3,0.30944107227748524,0.29070298612037104,0.2936099592190155,0.25422270879395703,0.2541796637519419,0.2620037407301745
11470670,신정6동,양천구,20.193758679361952,25.507905700246674,8.50263523341556,211.50305143121204,0.0,2,한적한 주거형,3,0.30944107227748524,0.29070298612037104,0.2936099592190155,0.25422270879395703,0.2541796637519419,0.2620037407301745
11470680,신정7동,양천구,22.68804159234161,19.44689279343567,29.980626389879987,119.11221835979347,0.0,2,한적한 주거형,3,0.30944107227748524,0.29070298612037104,0.2936099592190155,0.25422270879395703,0.2541796637519419,0.2620037407301745
11500510,염창동,강서구,20.77495158079335,39.241575208165216,31.739509359545394,101.56642995054526,0.0,2,한적한 주거형,3,0.30944107227748524,0.29070298612037104,0.2936099592190155,0.25422270879395703,0.2541796637519419,0.2620037407301745
11500520,등촌1동,강서구,24.587360285632183,93.7393110889727,78.37221091045258,139.84061162453304,0.0,1,"생활편의, 의료 중심형",3,0.30944107227748524,0.29070298612037104,0.2936099592190155,0.25422270879395703,0.2541796637519419,0.2620037407301745
11650600,방배1동,서초구,34.82073491926074,60.936286108706284,104.4622047577822,192.96490601090323,0.0,1,"생활편의, 의료 중심형",3,0.30944107227748524,0.29070298612037104,0.2936099592190155,0.25422270879395703,0.2541796637519419,0.2620037407301745
11650610,방배2동,서초구,18.907262965668163,17.856859467575486,24.68448220517788,79.83066585504335,0.0,2,한적한 주거형,3,0.30944107227748524,0.29070298612037104,0.2936099592190155,0.25422270879395703,0.2541796637519419,0.2620037407301745
11650620,방배3동,서초구,18.10424518037168,11.788810815125746,8.84160811134431,30.735113910863554,0.0,2,한적한 주거형,3,0.30944107227748524,0.29070298612037104,0.2936099592190155,0.25422270879395703,0.2541796637519419,0.2620037407301745
11650621,방배4동,서초구,31.5946837358278,48.4451817282693,108.47508082634212,202.20597590929793,0.0,1,"생활편의, 의료 중심형",3,0.30944107227748524,0.29070298612037104,0.2936099592190155,0.25422270879395703,0.2541796637519419,0.2620037407301745
11650651,양재1동,서초구,12.488383888726826,15.263580308443899,15.090130532211582,44.40314271547316,0.0,2,한적한 주거형,3,0.30944107227748524,0.29070298612037104,0.2936099592190155,0.25422270879395703,0.2541796637519419,0.2620037407301745
11650652,양재2동,서초구,7.272950594136899,11.107779089227263,5.024947683221857,23.405677366586023,0.0,2,한적한 주거형,3,0.30944107227748524,0.29070298612037104,0.2936099592190155,0.25422270879395703,0.2541796637519419,0.2620037407301745
11650660,내곡동,서초구,4.79979358215943,2.2031839393518697,1.8884433765873168,5.350589566997398,0.0,2,한적한 주거형,3,0.30944107227748524,0.29070298612037104,0.2936099592190155,0.25422270879395703,0.2541796637519419,0.2620037407301745
11680510,신사동,강남구,7.76987842289834,37.39253991019826,204.44492600251252,186.96269955099126,0.0,1,"생활편의, 의료 중심형",3,0.30944107227748524,0.29070298612037104,0.2936099592190155,0.25422270879395703,0.2541796637519419,0.2620037407301745
11530770,오류1동,구로구,20.620983783840735,68.73661261280246,61.862951351522206,60.48821909926615,0.0,1,"생활편의, 의료 중심형",3,0.30944107227748524,0.29070298612037104,0.2936099592190155,0.25422270879395703,0.2541796637519419,0.2620037407301745
11530780,오류2동,구로구,19.2746352220276,19.60132395460434,11.434105640185866,40.1827141069389,0.0,2,한적한 주거형,3,0.30944107227748524,0.29070298612037104,0.2936099592190155,0.25422270879395703,0.2541796637519419,0.2620037407301745
11530790,수궁동,구로구,16.157200576894656,17.660195979396484,4.884735058130943,22.920679888152883,0.0,2,한적한 주거형,3,0.30944107227748524,0.29070298612037104,0.2936099592190155,0.25422270879395703,0.2541796637519419,0.2620037407301745
11530800,항동,구로구,21.424504361800103,17.968939142154927,6.911130439290356,46.99568698717443,0.0,2,한적한 주거형,3,0.30944107227748524,0.29070298612037104,0.2936099592190155,0.25422270879395703,0.2541796637519419,0.2620037407301745
11545510,가산동,금천구,42.97904866110035,83.17241824231456,35.417919729980845,141.67167891992338,0.40194563443676967,1,"생활편의, 의료 중심형",3,0.30944107227748524,0.29070298612037104,0.2936099592190155,0.25422270879395703,0.2541796637519419,0.2620037407301745
11545610,독산1동,금천구,32.008990853097174,53.3483180884953,28.12911317393388,48.98345569943659,3.1006672953156325,0,"녹지, 교통 중심형",3,0.30944107227748524,0.29070298612037104,0.2936099592190155,0.25422270879395703,0.2541796637519419,0.2620037407301745
11545620,독산2동,금천구,14.582604376605891,68.05215375749415,32.40578750356865,68.05215375749415,3.273481966698613,2,한적한 주거형,3,0.30944107227748524,0.29070298612037104,0.2936099592190155,0.25422270879395703,0.2541796637519419,0.2620037407301745
11545630,독산3동,금천구,23.529791207029568,82.35426922460348,38.50329470241202,60.963549945485696,2.160546070996085,1,"생활편의, 의료 중심형",3,0.30944107227748524,0.29070298612037104,0.2936099592190155,0.25422270879395703,0.2541796637519419,0.2620037407301745
11545640,독산4동,금천구,25.378759359855398,81.21202995153726,18.611090197227288,54.141353301024836,3.7066693195443197,0,"녹지, 교통 중심형",3,0.30944107227748524,0.29070298612037104,0.2936099592190155,0.25422270879395703,0.2541796637519419,0.2620037407301745
11545670,시흥1동,금천구,26.244175863162575,61.67381327843205,64.2982308647483,74.79590121001334,1.3261785679700897,1,"생활편의, 의료 중심형",3,0.30944107227748524,0.29070298612037104,0.2936099592190155,0.25422270879395703,0.2541796637519419,0.2620037407301745
11545680,시흥2동,금천구,17.57225424894238,9.932143705923952,6.876099488716583,40.492585877997655,0.0,2,한적한 주거형,3,0.30944107227748524,0.29070298612037104,0.2936099592190155,0.25422270879395703,0.2541796637519419,0.2620037407301745
11545690,시흥3동,금천구,12.684405437056512,13.477180776872544,6.342202718528256,13.477180776872544,0.831107613046816,2,한적한 주거형,3,0.30944107227748524,0.29070298612037104,0.2936099592190155,0.25422270879395703,0.2541796637519419,0.2620037407301745
11545700,시흥4동,금천구,27.990436643949245,46.24506923782919,19.471608100138607,54.76389778163983,1.3193474858451408,2,한적한 주거형,3,0.30944107227748524,0.29070298612037104,0.2936099592190155,0.25422270879395703,0.2541796637519419,0.2620037407301745
11545710,시흥5동,금천구,25.2348350761968,35.32876910667552,20.18786806095744,41.09673140980622,0.7272318971315972,2,한적한 주거형,3,0.30944107227748524,0.29070298612037104,0.2936099592190155,0.25422270879395703,0.2541796637519419,0.2620037407301745
11560515,영등포본동,영등포구,23.63031538998873,70.89094616996618,31.900925776484787,66.16488309196845,1.9086678346801693,1,"생활편의, 의료 중심형",3,0.30944107227748524,0.29070298612037104,0.2936099592190155,0.25422270879395703,0.2541796637519419,0.2620037407301745
11560535,영등포동,영등포구,33.525405272708156,110.05078687345502,90.37283160469154,113.6948526639668,1.5314332247257276,1,"생활편의, 의료 중심형",3,0.30944107227748524,0.29070298612037104,0.2936099592190155,0.25422270879395703,0.2541796637519419,0.2620037407301745
11560540,여의동,영등포구,7.585146673588183,18.13324126654675,23.82210127173789,40.770163370536494,0.3868875171613711,2,한적한 주거형,3,0.30944107227748524,0.29070298612037104,0.2936099592190155,0.25422270879395703,0.2541796637519419,0.2620037407301745
11560550,당산1동,영등포구,28.176400806909363,100.63000288181918,55.01106824206114,179.7922718155169,1.4913903120434298,1,"생활편의, 의료 중심형",3,0.30944107227748524,0.29070298612037104,0.2936099592190155,0.25422270879395703,0.2541796637519419,0.2620037407301745
11560560,당산2동,영등포구,27.19264760022091,47.42903651201321,61.34155388887042,126.47743069870192,0.6404753851866904,1,"생활편의, 의료 중심형",3,0.30944107227748524,0.29070298612037104,0.2936099592190155,0.25422270879395703,0.2541796637519419,0.2620037407301745
11560585,도림동,영등포구,37.5500593984241,78.5137605603413,27.309134107944804,85.3410440873275,1.7385506819382182,1,"생활편의, 의료 중심형",3,0.30944107227748524,0.29070298612037104,0.2936099592190155,0.25422270879395703,0.2541796637519419,0.2620037407301745
11560605,문래동,영등포구,24.626289793520094,43.09600713866016,35.26036947708559,127.60895620278595,0.0,2,한적한 주거형,3,0.30944107227748524,0.29070298612037104,0.2936099592190155,0.25422270879395703,0.2541796637519419,0.2620037407301745
11560610,양평1동,영등포구,23.591868830858623,45.132270806859964,19.48893512114408,100.52187588800629,1.0407809368090135,2,한적한 주거형,3,0.30944107227748524,0.29070298612037104,0.2936099592190155,0.25422270879395703,0.2541796637519419,0.2620037407301745
11560620,양평2동,영등포구,10.088372582235785,22.959744497502133,8.696872915720505,36.874741162654935,0.0,2,한적한 주거형,3,0.30944107227748524,0.29070298612037104,0.2936099592190155,0.25422270879395703,0.2541796637519419,0.2620037407301745
11560630,신길1동,영등포구,29.048672344141576,87.14601703242472,26.28213212089,76.07985613941841,0.0,1,"생활편의, 의료 중심형",3,0.30944107227748524,0.29070298612037104,0.2936099592190155,0.25422270879395703,0.2541796637519419,0.2620037407301745
11560650,신길3동,영등포구,46.146448278185446,65.37413506076273,90.37012787811317,86.52459052159772,0.0,1,"생활편의, 의료 중심형",3,0.30944107227748524,0.29070298612037104,0.2936099592190155,0.25422270879395703,0.2541796637519419,0.2620037407301745
11560660,신길4동,영등포구,41.07808364469772,71.886646378221,41.07808364469772,112.9647300229187,0.0,1,"생활편의, 의료 중심형",3,0.30944107227748524,0.29070298612037104,0.2936099592190155,0.25422270879395703,0.2541796637519419,0.2620037407301745
11560670,신길5동,영등포구,42.454026573146336,42.454026573146336,14.151342191048778,48.51888751216724,2.4179387591688544,0,"녹지, 교통 중심형",3,0.30944107227748524,0.29070298612037104,0.2936099592190155,0.25422270879395703,0.2541796637519419,0.2620037407301745
11560680,신길6동,영등포구,38.25490975867144,74.979623126996,85.69099785942402,194.33494157405093,0.0,1,"생활편의, 의료 중심형",3,0.30944107227748524,0.29070298612037104,0.2936099592190155,0.25422270879395703,0.2541796637519419,0.2620037407301745
11560690,신길7동,영등포구,51.36286877340463,31.12901137782099,18.677406826692597,87.16123185789877,0.0,1,"생활편의, 의료 중심형",3,0.30944107227748524,0.29070298612037104,0.2936099592190155,0.25422270879395703,0.2541796637519419,0.2620037407301745
11560700,대림1동,영등포구,32.06555403897308,108.22124488153413,58.1188166956387,64.13110807794615,2.143762656246819,1,"생활편의, 의료 중심형",3,0.30944107227748524,0.29070298612037104,0.2936099592190155,0.25422270879395703,0.2541796637519419,0.2620037407301745
11560710,대림2동,영등포구,22.705852478077595,113.52926239038797,61.13114128713198,47.15830899293039,1.7751086146553703,1,"생활편의, 의료 중심형",3,0.30944107227748524,0.29070298612037104,0.2936099592190155,0.25422270879395703,0.2541796637519419,0.2620037407301745
11560720,대림3동,영등포구,40.14337933458597,77.0318900744758,33.633642145193654,79.2018024709399,3.371794324179628,0,"녹지, 교통 중심형",3,0.30944107227748524,0.29070298612037104,0.2936099592190155,0.25422270879395703,0.2541796637519419,0.2620037407301745
11590510,노량진1동,동작구,32.22916076971482,46.484366494780986,23.552079024022365,88.010400563452,2.036859408566952,2,한적한 주거형,3,0.30944107227748524,0.29070298612037104,0.2936099592190155,0.25422270879395703,0.2541796637519419,0.2620037407301745
11590520,노량진2동,동작구,19.98107107655872,71.59883802433542,28.30651735845819,69.93374876795552,0.0,2,한적한 주거형,3,0.30944107227748524,0.29070298612037104,0.2936099592190155,0.25422270879395703,0.2541796637519419,0.2620037407301745
11590530,상도1동,동작구,30.900517501593537,55.08353119849283,40.97677320863491,113.5258142993328,0.0,1,"생활편의, 의료 중심형",3,0.30944107227748524,0.29070298612037104,0.2936099592190155,0.25422270879395703,0.2541796637519419,0.2620037407301745
11590540,상도2동,동작구,47.87384348982678,63.40049543247329,81.51492269889422,133.27042917438263,1.303682391487696,1,"생활편의, 의료 중심형",3,0.30944107227748524,0.29070298612037104,0.2936099592190155,0.25422270879395703,0.2541796637519419,0.2620037407301745
11590550,상도3동,동작구,51.789120792934426,53.35848808969002,61.20532457346796,62.77469187022355,8.785927041748925,0,"녹지, 교통 중심형",3,0.30944107227748524,0.29070298612037104,0.2936099592190155,0.25422270879395703,0.2541796637519419,0.2620037407301745
11590560,상도4동,동작구,38.31571571822876,48.95897008440341,24.47948504220171,74.50278056322259,0.0,1,"생활편의, 의료 중심형",3,0.30944107227748524,0.29070298612037104,0.2936099592190155,0.25422270879395703,0.2541796637519419,0.2620037407301745
11590605,흑석동,동작구,32.78101861037126,33.36639394269932,27.512640619418743,63.805911223758365,2.8333688060542075,2,한적한 주거형,3,0.30944107227748524,0.29070298612037104,0.2936099592190155,0.25422270879395703,0.2541796637519419,0.2620037407301745
11590620,사당1동,동작구,23.615637005977632,89.739420622715,102.33442702590308,184.20196864662555,1.5996335113643019,1,"생활편의, 의료 중심형",3,0.30944107227748524,0.29070298612037104,0.2936099592190155,0.25422270879395703,0.2541796637519419,0.2620037407301745
11590630,사당2동,동작구,10.133174360997145,14.837862457174392,24.97103681817153,37.637504769417966,0.0,2,한적한 주거형,3,0.30944107227748524,0.29070298612037104,0.2936099592190155,0.25422270879395703,0.2541796637519419,0.2620037407301745
11590640,사당3동,동작구,30.84772856046473,30.84772856046473,23.135796420348548,80.42443517549734,11.101704591445168,0,"녹지, 교통 중심형",3,0.30944107227748524,0.29070298612037104,0.2936099592190155,0.25422270879395703,0.2541796637519419,0.2620037407301745
11590650,사당4동,동작구,9.171203277628376,91.71203277628376,84.83363031806249,75.6624270404341,0.0,1,"생활편의, 의료 중심형",3,0.30944107227748524,0.29070298612037104,0.2936099592190155,0.25422270879395703,0.2541796637519419,0.2620037407301745
11590651,사당5동,동작구,35.18037456738441,36.6462235076921,10.260942582153788,70.36074913476882,0.0,2,한적한 주거형,3,0.30944107227748524,0.29070298612037104,0.2936099592190155,0.25422270879395703,0.2541796637519419,0.2620037407301745
11590660,대방동,동작구,36.24822869442641,39.48467768500019,42.72112667557398,130.75253921918096,0.0,1,"생활편의, 의료 중심형",3,0.30944107227748524,0.29070298612037104,0.2936099592190155,0.25422270879395703,0.2541796637519419,0.2620037407301745
11590670,신대방1동,동작구,20.73212532837867,69.60070645955697,47.38771503629411,100.69889445212499,1.484434982172861,1,"생활편의, 의료 중심형",3,0.30944107227748524,0.29070298612037104,0.2936099592190155,0.25422270879395703,0.2541796637519419,0.2620037407301745
11590680,신대방2동,동작구,28.65819117927233,46.05780725240196,34.79923214625926,80.85703939866121,0.0,2,한적한 주거형,3,0.30944107227748524,0.29070298612037104,0.2936099592190155,0.25422270879395703,0.2541796637519419,0.2620037407301745
11620525,보라매동,관악구,34.65625613685494,62.647847632007014,31.99039028017379,94.6382379121808,0.0,1,"생활편의, 의료 중심형",3,0.30944107227748524,0.29070298612037104,0.2936099592190155,0.25422270879395703,0.2541796637519419,0.2620037407301745
11620545,청림동,관악구,26.921980378841077,57.20920830503728,33.65247547355134,174.99287246246698,0.0,1,"생활편의, 의료 중심형",3,0.30944107227748524,0.29070298612037104,0.2936099592190155,0.25422270879395703,0.2541796637519419,0.2620037407301745
11620565,성현동,관악구,42.75882468718161,44.23326691777408,28.01440238125692,140.07201190628456,0.0,1,"생활편의, 의료 중심형",3,0.30944107227748524,0.29070298612037104,0.2936099592190155,0.25422270879395703,0.2541796637519419,0.2620037407301745
11620575,행운동,관악구,22.276837327028208,100.24576797162692,86.3227446422343,180.99930328210417,1.414607016312949,1,"생활편의, 의료 중심형",3,0.30944107227748524,0.29070298612037104,0.2936099592190155,0.25422270879395703,0.2541796637519419,0.2620037407301745
11620585,낙성대동,관악구,15.02551450670358,16.79322209572753,22.98019865731136,36.238005574990986,0.4492407874055736,2,한적한 주거형,3,0.30944107227748524,0.29070298612037104,0.2936099592190155,0.25422270879395703,0.2541796637519419,0.2620037407301745
11620595,청룡동,관악구,15.05514915885334,79.45773167172598,50.18383052951114,117.09560456885933,0.8468019563549704,1,"생활편의, 의료 중심형",3,0.30944107227748524,0.29070298612037104,0.2936099592190155,0.25422270879395703,0.2541796637519419,0.2620037407301745
11620605,은천동,관악구,51.53231359707552,60.550468476563736,43.802466557514194,162.3267878307879,5.026062492828369,0,"녹지, 교통 중심형",3,0.30944107227748524,0.29070298612037104,0.2936099592190155,0.25422270879395703,0.2541796637519419,0.2620037407301745
11620615,중앙동,관악구,31.19084983923955,101.37026197752854,166.35119914261094,189.7443365220406,5.2705778210849665,1,"생활편의, 의료 중심형",3,0.30944107227748524,0.29070298612037104,0.2936099592190155,0.25422270879395703,0.2541796637519419,0.2620037407301745
11620625,인헌동,관악구,22.03699462279119,44.992197354865354,38.564740589884586,60.60173521267578,0.9284828580258424,2,한적한 주거형,3,0.30944107227748524,0.29070298612037104,0.2936099592190155,0.25422270879395703,0.2541796637519419,0.2620037407301745
11620630,남현동,관악구,3.047829252993323,12.800882862571958,11.88653408667396,21.334804770953262,0.6189104950883416,2,한적한 주거형,3,0.30944107227748524,0.29070298612037104,0.2936099592190155,0.25422270879395703,0.2541796637519419,0.2620037407301745
11620645,서원동,관악구,33.975137349715276,81.84919452431409,57.14000372452114,129.72325169891286,1.580214524623757,1,"생활편의, 의료 중심형",3,0.30944107227748524,0.29070298612037104,0.2936099592190155,0.25422270879395703,0.2541796637519419,0.2620037407301745
11620655,신원동,관악구,18.349399894011817,82.57229952305318,29.359039830418908,88.07711949125672,0.0,1,"생활편의, 의료 중심형",3,0.30944107227748524,0.29070298612037104,0.2936099592190155,0.25422270879395703,0.2541796637519419,0.2620037407301745
11620665,서림동,관악구,23.373126630913333,67.9945501990206,18.061052396614844,67.9945501990206,1.0768530646285197,2,한적한 주거형,3,0.30944107227748524,0.29070298612037104,0.2936099592190155,0.25422270879395703,0.2541796637519419,0.2620037407301745
11620685,신사동,관악구,29.63973398159615,137.27876791476112,38.99964997578441,106.07904793413358,3.1490657369446873,1,"생활편의, 의료 중심형",3,0.30944107227748524,0.29070298612037104,0.2936099592190155,0.25422270879395703,0.2541796637519419,0.2620037407301745
11620695,신림동,관악구,35.10458422114922,142.2659465804468,116.3994108385474,121.94223992609729,1.8651989401544493,1,"생활편의, 의료 중심형",3,0.30944107227748524,0.29070298612037104,0.2936099592190155,0.25422270879395703,0.2541796637519419,0.2620037407301745
11620715,난향동,관악구,18.26158251187283,26.78365435074682,13.39182717537341,31.65340968724624,0.0,2,한적한 주거형,3,0.30944107227748524,0.29070298612037104,0.2936099592190155,0.25422270879395703,0.2541796637519419,0.2620037407301745
11620725,조원동,관악구,39.00351868685157,93.0083907147999,57.00514269616768,84.00757871014184,1.5149566712106788,1,"생활편의, 의료 중심형",3,0.30944107227748524,0.29070298612037104,0.2936099592190155,0.25422270879395703,0.2541796637519419,0.2620037407301745
11620735,대학동,관악구,6.186658960322781,11.183575812891181,3.0933294801613904,11.77844686676837,0.0,2,한적한 주거형,3,0.30944107227748524,0.29070298612037104,0.2936099592190155,0.25422270879395703,0.2541796637519419,0.2620037407301745
11620745,삼성동,관악구,11.519028432161994,9.983157974540394,5.375546601675597,12.670931275378194,0.3904182703274098,2,한적한 주거형,3,0.30944107227748524,0.29070298612037104,0.2936099592190155,0.25422270879395703,0.2541796637519419,0.2620037407301745
11620765,미성동,관악구,26.48169780680041,44.13616301133402,21.332478788811443,63.99743636643433,2.147371451044771,2,한적한 주거형,3,0.30944107227748524,0.29070298612037104,0.2936099592190155,0.25422270879395703,0.2541796637519419,0.2620037407301745
11620775,난곡동,관악구,22.62506806841369,40.1080752121879,37.022838657404215,51.42060924639474,1.041976941647093,2,한적한 주거형,3,0.30944107227748524,0.29070298612037104,0.2936099592190155,0.25422270879395703,0.2541796637519419,0.2620037407301745
11650510,서초1동,서초구,25.313067467984833,45.5635214423727,62.92105342041944,201.78130924479336,0.0,1,"생활편의, 의료 중심형",3,0.30944107227748524,0.29070298612037104,0.2936099592190155,0.25422270879395703,0.2541796637519419,0.2620037407301745
11500605,가양3동,강서구,29.521687278910303,46.39122286685905,16.869535587948747,65.36945040330139,0.0,2,한적한 주거형,3,0.30944107227748524,0.29070298612037104,0.2936099592190155,0.25422270879395703,0.2541796637519419,0.2620037407301745
11500611,발산1동,강서구,20.085406330624146,32.55221025997706,39.478212442950905,153.41094835287063,0.0,2,한적한 주거형,3,0.30944107227748524,0.29070298612037104,0.2936099592190155,0.25422270879395703,0.2541796637519419,0.2620037407301745
11500615,우장산동,강서구,22.986903290016823,49.93706576796758,49.14441393038079,152.1891528166631,0.0,1,"생활편의, 의료 중심형",3,0.30944107227748524,0.29070298612037104,0.2936099592190155,0.25422270879395703,0.2541796637519419,0.2620037407301745
11500620,공항동,강서구,5.339830436230774,6.720821066290457,3.0381793861313025,6.444622940278521,0.0,2,한적한 주거형,3,0.30944107227748524,0.29070298612037104,0.2936099592190155,0.25422270879395703,0.2541796637519419,0.2620037407301745
11500630,방화1동,강서구,30.49595450579803,58.28115749996957,57.60346962206294,140.95907860457754,0.0,1,"생활편의, 의료 중심형",3,0.30944107227748524,0.29070298612037104,0.2936099592190155,0.25422270879395703,0.2541796637519419,0.2620037407301745
11500640,방화2동,강서구,6.496099776624464,11.530577103508424,2.9232448994810087,7.6329172375337455,0.0,2,한적한 주거형,3,0.30944107227748524,0.29070298612037104,0.2936099592190155,0.25422270879395703,0.2541796637519419,0.2620037407301745
11500641,방화3동,강서구,7.425040978309686,10.942165652245851,6.25266608699763,16.80404010880613,0.0,2,한적한 주거형,3,0.30944107227748524,0.29070298612037104,0.2936099592190155,0.25422270879395703,0.2541796637519419,0.2620037407301745
11530510,신도림동,구로구,25.12944727902433,26.56541569496858,47.38695772616017,89.74802599651547,0.0,2,한적한 주거형,3,0.30944107227748524,0.29070298612037104,0.2936099592190155,0.25422270879395703,0.2541796637519419,0.2620037407301745
11530520,구로1동,구로구,20.81490489540035,23.7884627376004,13.876603263600234,47.5769254752008,0.0,2,한적한 주거형,3,0.30944107227748524,0.29070298612037104,0.2936099592190155,0.25422270879395703,0.2541796637519419,0.2620037407301745
11530530,구로2동,구로구,25.24437313677591,65.75278584462563,33.46347136735411,45.20504026818011,0.0,2,한적한 주거형,3,0.30944107227748524,0.29070298612037104,0.2936099592190155,0.25422270879395703,0.2541796637519419,0.2620037407301745
11530540,구로3동,구로구,47.10997056507132,98.06565301300563,73.06852577439633,228.8198570303464,0.0,1,"생활편의, 의료 중심형",3,0.30944107227748524,0.29070298612037104,0.2936099592190155,0.25422270879395703,0.2541796637519419,0.2620037407301745
11530550,구로4동,구로구,26.69174108094227,131.55215247035832,110.5800701924751,81.98177617717981,0.0,1,"생활편의, 의료 중심형",3,0.30944107227748524,0.29070298612037104,0.2936099592190155,0.25422270879395703,0.2541796637519419,0.2620037407301745
11530560,구로5동,구로구,34.5688222291582,72.10068636367282,53.334754296415504,89.87893779581132,0.0,1,"생활편의, 의료 중심형",3,0.30944107227748524,0.29070298612037104,0.2936099592190155,0.25422270879395703,0.2541796637519419,0.2620037407301745
11530595,가리봉동,구로구,24.331165636106853,131.388294434977,24.331165636106853,48.662331272213706,0.0,1,"생활편의, 의료 중심형",3,0.30944107227748524,0.29070298612037104,0.2936099592190155,0.25422270879395703,0.2541796637519419,0.2620037407301745
11530720,고척1동,구로구,26.927524811755404,52.98641979087354,39.95697230131447,75.57079543944259,0.0,2,한적한 주거형,3,0.30944107227748524,0.29070298612037104,0.2936099592190155,0.25422270879395703,0.2541796637519419,0.2620037407301745
11530730,고척2동,구로구,35.10236784938637,55.57874909486175,33.15223630219823,98.48164313300062,0.0,1,"생활편의, 의료 중심형",3,0.30944107227748524,0.29070298612037104,0.2936099592190155,0.25422270879395703,0.2541796637519419,0.2620037407301745
11530740,개봉1동,구로구,36.35485679376799,42.413999592729326,31.810499694547,59.076642289873,0.0,2,한적한 주거형,3,0.30944107227748524,0.29070298612037104,0.2936099592190155,0.25422270879395703,0.2541796637519419,0.2620037407301745
11530750,개봉2동,구로구,31.94791247547529,54.95040945781751,58.78415895487454,95.84373742642588,0.0,1,"생활편의, 의료 중심형",3,0.30944107227748524,0.29070298612037104,0.2936099592190155,0.25422270879395703,0.2541796637519419,0.2620037407301745
11530760,개봉3동,구로구,26.55663886242016,49.491917879964845,22.935279017544683,67.59871710434223,0.0,2,한적한 주거형,3,0.30944107227748524,0.29070298612037104,0.2936099592190155,0.25422270879395703,0.2541796637519419,0.2620037407301745
11500530,등촌2동,강서구,9.882880489742842,34.04103279800312,21.96195664387298,56.0029894418761,0.0,2,한적한 주거형,3,0.30944107227748524,0.29070298612037104,0.2936099592190155,0.25422270879395703,0.2541796637519419,0.2620037407301745
11500535,등촌3동,강서구,46.21061449630446,60.35672097476501,64.12901603568781,177.29786786337218,0.0,1,"생활편의, 의료 중심형",3,0.30944107227748524,0.29070298612037104,0.2936099592190155,0.25422270879395703,0.2541796637519419,0.2620037407301745
11500540,화곡1동,강서구,23.377246722476976,98.51839690186725,69.29683849877104,80.98546186000952,0.0,1,"생활편의, 의료 중심형",3,0.30944107227748524,0.29070298612037104,0.2936099592190155,0.25422270879395703,0.2541796637519419,0.2620037407301745
11650540,잠원동,서초구,11.953098390490458,33.013319364211746,88.22525002504862,117.82339842054881,0.0,2,한적한 주거형,3,0.30944107227748524,0.29070298612037104,0.2936099592190155,0.25422270879395703,0.2541796637519419,0.2620037407301745
11650550,반포본동,서초구,4.1129593059127885,10.282398264781971,1.0282398264781971,29.818954967867718,0.0,2,한적한 주거형,3,0.30944107227748524,0.29070298612037104,0.2936099592190155,0.25422270879395703,0.2541796637519419,0.2620037407301745
11650560,반포1동,서초구,21.161512079991294,58.44608098283309,150.14596666279536,152.16134876565164,0.0,1,"생활편의, 의료 중심형",3,0.30944107227748524,0.29070298612037104,0.2936099592190155,0.25422270879395703,0.2541796637519419,0.2620037407301745
11650570,반포2동,서초구,12.893696391331046,19.340544586996568,27.220025715032207,50.85846909913912,0.0,2,한적한 주거형,3,0.30944107227748524,0.29070298612037104,0.2936099592190155,0.25422270879395703,0.2541796637519419,0.2620037407301745
11650580,반포3동,서초구,13.58143894535913,23.96724519769258,52.72793943492368,135.8143894535913,0.0,2,한적한 주거형,3,0.30944107227748524,0.29070298612037104,0.2936099592190155,0.25422270879395703,0.2541796637519419,0.2620037407301745
11650581,반포4동,서초구,23.823858588248402,40.64069994465903,40.64069994465904,244.544901391138,0.0,1,"생활편의, 의료 중심형",3,0.30944107227748524,0.29070298612037104,0.2936099592190155,0.25422270879395703,0.2541796637519419,0.2620037407301745
11650590,방배본동,서초구,30.995854868524138,54.61174429216158,53.13575120318424,256.8227974820572,0.0,1,"생활편의, 의료 중심형",3,0.30944107227748524,0.29070298612037104,0.2936099592190155,0.25422270879395703,0.2541796637519419,0.2620037407301745
11710562,방이2동,송파구,18.185575173172193,119.50520828084584,98.72169379722048,227.31968966465243,1.3889895513034423,1,"생활편의, 의료 중심형",3,0.30944107227748524,0.29070298612037104,0.2936099592190155,0.25422270879395703,0.2541796637519419,0.2620037407301745
11710566,오륜동,송파구,8.427636571948739,6.806937231189366,4.862098022278119,10.048335912708112,5.014840183368248,2,한적한 주거형,3,0.30944107227748524,0.29070298612037104,0.2936099592190155,0.25422270879395703,0.2541796637519419,0.2620037407301745
11710570,오금동,송파구,24.25906750495524,44.879274884167195,23.65259081733136,127.96658108863889,4.593627277919247,0,"녹지, 교통 중심형",3,0.30944107227748524,0.29070298612037104,0.2936099592190155,0.25422270879395703,0.2541796637519419,0.2620037407301745
11710580,송파1동,송파구,20.380674838405145,81.5226993536206,71.33236193441802,209.6297983378815,3.0293092640936288,1,"생활편의, 의료 중심형",3,0.30944107227748524,0.29070298612037104,0.2936099592190155,0.25422270879395703,0.2541796637519419,0.2620037407301745
11680521,논현1동,강남구,17.477737276188783,90.56645679479644,263.75494434975803,220.06060115928605,0.0,1,"생활편의, 의료 중심형",3,0.30944107227748524,0.29070298612037104,0.2936099592190155,0.25422270879395703,0.2541796637519419,0.2620037407301745
11680531,논현2동,강남구,19.883115984189278,72.67621704565737,136.43931313288505,191.97491295079297,0.0,1,"생활편의, 의료 중심형",3,0.30944107227748524,0.29070298612037104,0.2936099592190155,0.25422270879395703,0.2541796637519419,0.2620037407301745
11680545,압구정동,강남구,8.955007790927896,34.11431539401103,150.10298773364852,190.61373726403662,0.0,1,"생활편의, 의료 중심형",3,0.30944107227748524,0.29070298612037104,0.2936099592190155,0.25422270879395703,0.2541796637519419,0.2620037407301745
11680565,청담동,강남구,11.162550649269786,42.07422937032457,134.37993666236318,157.56369570315425,0.0,1,"생활편의, 의료 중심형",3,0.30944107227748524,0.29070298612037104,0.2936099592190155,0.25422270879395703,0.2541796637519419,0.2620037407301745
11680580,삼성1동,강남구,15.941347919326214,34.96811801658653,48.33828078763432,75.07860632972991,0.0,2,한적한 주거형,3,0.30944107227748524,0.29070298612037104,0.2936099592190155,0.25422270879395703,0.2541796637519419,0.2620037407301745
11680590,삼성2동,강남구,19.31944988828301,66.00812045163362,89.35245573330893,261.61755057049913,0.0,1,"생활편의, 의료 중심형",3,0.30944107227748524,0.29070298612037104,0.2936099592190155,0.25422270879395703,0.2541796637519419,0.2620037407301745
11680600,대치1동,강남구,24.696760414964153,43.21933072618726,138.30185832379925,393.91332861867824,0.0,1,"생활편의, 의료 중심형",3,0.30944107227748524,0.29070298612037104,0.2936099592190155,0.25422270879395703,0.2541796637519419,0.2620037407301745
11680610,대치2동,강남구,17.41622837555955,42.99631380216264,46.80611375931629,277.02688259874407,0.0,1,"생활편의, 의료 중심형",3,0.30944107227748524,0.29070298612037104,0.2936099592190155,0.25422270879395703,0.2541796637519419,0.2620037407301745
11710520,풍납2동,송파구,9.748283275107628,19.10663521921095,9.748283275107626,30.8045751493401,0.0,2,한적한 주거형,3,0.30944107227748524,0.29070298612037104,0.2936099592190155,0.25422270879395703,0.2541796637519419,0.2620037407301745
11710531,거여1동,송파구,17.231199260678135,53.60817547766531,32.54782082572537,82.32684091212887,2.224454010246461,2,한적한 주거형,3,0.30944107227748524,0.29070298612037104,0.2936099592190155,0.25422270879395703,0.2541796637519419,0.2620037407301745
11710532,거여2동,송파구,17.947444611028658,47.315990338166465,93.00039480260304,117.47418290855121,1.656066188179321,1,"생활편의, 의료 중심형",3,0.30944107227748524,0.29070298612037104,0.2936099592190155,0.25422270879395703,0.2541796637519419,0.2620037407301745
11710540,마천1동,송파구,24.336898480078457,55.627196525893616,27.813598262946808,53.88884663445945,0.0,2,한적한 주거형,3,0.30944107227748524,0.29070298612037104,0.2936099592190155,0.25422270879395703,0.2541796637519419,0.2620037407301745
11710550,마천2동,송파구,16.84091582680848,41.54092570612759,44.90910887148928,52.76820292399991,4.416614380159658,0,"녹지, 교통 중심형",3,0.30944107227748524,0.29070298612037104,0.2936099592190155,0.25422270879395703,0.2541796637519419,0.2620037407301745
11710561,방이1동,송파구,21.337383258108478,57.44680107952281,59.08813825322346,354.5288295193408,3.8045210884076885,1,"생활편의, 의료 중심형",3,0.30944107227748524,0.29070298612037104,0.2936099592190155,0.25422270879395703,0.2541796637519419,0.2620037407301745
11650520,서초2동,서초구,35.745492679407114,57.680226823588754,129.17121218240297,467.9409950758749,0.0,1,"생활편의, 의료 중심형",3,0.30944107227748524,0.29070298612037104,0.2936099592190155,0.25422270879395703,0.2541796637519419,0.2620037407301745
11650530,서초3동,서초구,25.011908013522348,44.02095810379934,41.68651335587058,131.0623979908571,0.0,2,한적한 주거형,3,0.30944107227748524,0.29070298612037104,0.2936099592190155,0.25422270879395703,0.2541796637519419,0.2620037407301745
11650531,서초4동,서초구,50.01289212784591,67.06274171688428,380.7799741551904,368.27675112322896,0.0,1,"생활편의, 의료 중심형",3,0.30944107227748524,0.29070298612037104,0.2936099592190155,0.25422270879395703,0.2541796637519419,0.2620037407301745
11680630,대치4동,강남구,19.969151947206147,124.09401567192391,136.931327637985,1394.987900311972,0.0,1,"생활편의, 의료 중심형",3,0.30944107227748524,0.29070298612037104,0.2936099592190155,0.25422270879395703,0.2541796637519419,0.2620037407301745
11680640,역삼1동,강남구,21.590654936294616,106.6832361558087,220.9867034656037,407.25902056304744,0.0,1,"생활편의, 의료 중심형",3,0.30944107227748524,0.29070298612037104,0.2936099592190155,0.25422270879395703,0.2541796637519419,0.2620037407301745
11680650,역삼2동,강남구,24.668968487811046,72.24483628573236,111.01035819514972,259.024169122016,0.0,1,"생활편의, 의료 중심형",3,0.30944107227748524,0.29070298612037104,0.2936099592190155,0.25422270879395703,0.2541796637519419,0.2620037407301745
11680655,도곡1동,강남구,23.795716884784316,33.31400363869803,85.66458078522352,149.43710203644548,0.0,1,"생활편의, 의료 중심형",3,0.30944107227748524,0.29070298612037104,0.2936099592190155,0.25422270879395703,0.2541796637519419,0.2620037407301745
11680656,도곡2동,강남구,22.2051094207192,35.32631044205327,59.55006617374695,120.10945550298115,0.0,2,한적한 주거형,3,0.30944107227748524,0.29070298612037104,0.2936099592190155,0.25422270879395703,0.2541796637519419,0.2620037407301745
11680660,개포1동,강남구,10.345172867479835,4.827747338157257,2.0690345734959674,13.103885632141125,0.0,2,한적한 주거형,3,0.30944107227748524,0.29070298612037104,0.2936099592190155,0.25422270879395703,0.2541796637519419,0.2620037407301745
11680670,개포2동,강남구,16.49327620662517,19.16786153742925,26.74585330804081,73.10533237531155,0.0,2,한적한 주거형,3,0.30944107227748524,0.29070298612037104,0.2936099592190155,0.25422270879395703,0.2541796637519419,0.2620037407301745
11680690,개포4동,강남구,16.812162793062367,31.8230224297252,22.8165066477275,79.25733888157974,0.0,2,한적한 주거형,3,0.30944107227748524,0.29070298612037104,0.2936099592190155,0.25422270879395703,0.2541796637519419,0.2620037407301745
11680700,세곡동,강남구,10.364692881661432,8.166121664339311,6.124591248254483,23.242038583119577,0.0,2,한적한 주거형,3,0.30944107227748524,0.29070298612037104,0.2936099592190155,0.25422270879395703,0.2541796637519419,0.2620037407301745
11710590,송파2동,송파구,19.016749252113552,53.88078954765506,55.46551865199786,177.48965968639314,0.0,1,"생활편의, 의료 중심형",3,0.30944107227748524,0.29070298612037104,0.2936099592190155,0.25422270879395703,0.2541796637519419,0.2620037407301745
11710600,석촌동,송파구,22.177295092905396,96.10161206925673,97.15767374034748,228.1093209555984,3.6789112222750733,1,"생활편의, 의료 중심형",3,0.30944107227748524,0.29070298612037104,0.2936099592190155,0.25422270879395703,0.2541796637519419,0.2620037407301745
11710632,가락2동,송파구,24.66987016153832,62.21097692909662,77.22741963611995,193.06854909029988,4.569588251388187,0,"녹지, 교통 중심형",3,0.30944107227748524,0.29070298612037104,0.2936099592190155,0.25422270879395703,0.2541796637519419,0.2620037407301745
11710641,문정1동,송파구,27.753009819284625,70.19878954289639,39.18071974487241,148.56022903264122,0.0,1,"생활편의, 의료 중심형",3,0.30944107227748524,0.29070298612037104,0.2936099592190155,0.25422270879395703,0.2541796637519419,0.2620037407301745
11710642,문정2동,송파구,15.610834048523904,56.19900257468605,49.50864512531866,102.13945706034211,1.1009866310117344,2,한적한 주거형,3,0.30944107227748524,0.29070298612037104,0.2936099592190155,0.25422270879395703,0.2541796637519419,0.2620037407301745
11710646,장지동,송파구,34.41923633112482,38.33051318693445,27.37893799066747,88.39485694129782,2.5468623438967772,2,한적한 주거형,3,0.30944107227748524,0.29070298612037104,0.2936099592190155,0.25422270879395703,0.2541796637519419,0.2620037407301745
11710647,위례동,송파구,22.070075641565015,14.582014263176886,10.640929327183132,74.8806137838813,0.0,2,한적한 주거형,3,0.30944107227748524,0.29070298612037104,0.2936099592190155,0.25422270879395703,0.2541796637519419,0.2620037407301745
11710650,잠실본동,송파구,13.6054820673305,81.632892403983,129.25207963963976,238.09593617828378,2.0241128344805976,1,"생활편의, 의료 중심형",3,0.30944107227748524,0.29070298612037104,0.2936099592190155,0.25422270879395703,0.2541796637519419,0.2620037407301745
11710670,잠실2동,송파구,4.838378889709942,10.79330675396833,23.075345474001256,37.96266513464723,0.0,2,한적한 주거형,3,0.30944107227748524,0.29070298612037104,0.2936099592190155,0.25422270879395703,0.2541796637519419,0.2620037407301745
11710680,잠실3동,송파구,18.150671858658814,22.040101542657133,32.41191403331931,48.61787104997898,0.0,2,한적한 주거형,3,0.30944107227748524,0.29070298612037104,0.2936099592190155,0.25422270879395703,0.2541796637519419,0.2620037407301745
11710690,잠실4동,송파구,19.22575139285845,23.07090167143014,66.64927149524262,51.26867038095586,0.0,2,한적한 주거형,3,0.30944107227748524,0.29070298612037104,0.2936099592190155,0.25422270879395703,0.2541796637519419,0.2620037407301745
11710710,잠실6동,송파구,11.273199518861501,31.16708102273474,65.64980896278169,63.660420812394364,3.3057868465095037,2,한적한 주거형,3,0.30944107227748524,0.29070298612037104,0.2936099592190155,0.25422270879395703,0.2541796637519419,0.2620037407301745
11710720,잠실7동,송파구,8.293176386055226,19.350744900795526,6.910980321712688,23.497333093823137,2.2948297173144994,2,한적한 주거형,3,0.30944107227748524,0.29070298612037104,0.2936099592190155,0.25422270879395703,0.2541796637519419,0.2620037407301745
11740515,강일동,강동구,18.916963594672737,17.820328023967075,13.159626848467992,43.591263935550224,0.0,2,한적한 주거형,3,0.30944107227748524,0.29070298612037104,0.2936099592190155,0.25422270879395703,0.2541796637519419,0.2620037407301745
11740520,상일동,강동구,23.158064453958882,24.81221191495595,12.681797200977485,47.41889388191581,5.298309305591825,0,"녹지, 교통 중심형",3,0.30944107227748524,0.29070298612037104,0.2936099592190155,0.25422270879395703,0.2541796637519419,0.2620037407301745
11740530,명일1동,강동구,39.37367064748983,69.29766033958211,132.29553337556584,233.09213023313984,8.355626818371324,0,"녹지, 교통 중심형",3,0.30944107227748524,0.29070298612037104,0.2936099592190155,0.25422270879395703,0.2541796637519419,0.2620037407301745
11740540,명일2동,강동구,15.31178035347635,39.373149480367765,61.24712141390541,292.01752531272757,1.115686313264474,1,"생활편의, 의료 중심형",3,0.30944107227748524,0.29070298612037104,0.2936099592190155,0.25422270879395703,0.2541796637519419,0.2620037407301745
11740550,고덕1동,강동구,19.09785544671169,15.146575009460996,9.219654353584954,61.24484677738577,2.1893768313175483,2,한적한 주거형,3,0.30944107227748524,0.29070298612037104,0.2936099592190155,0.25422270879395703,0.2541796637519419,0.2620037407301745
11740560,고덕2동,강동구,16.766464870609397,17.219612569815055,19.48535106584335,44.86162222136028,1.7712079894880781,2,한적한 주거형,3,0.30944107227748524,0.29070298612037104,0.2936099592190155,0.25422270879395703,0.2541796637519419,0.2620037407301745
11740570,암사1동,강동구,17.675539828302014,85.6583853217713,58.46524712438358,97.89529751059577,4.145931113105404,0,"녹지, 교통 중심형",3,0.30944107227748524,0.29070298612037104,0.2936099592190155,0.25422270879395703,0.2541796637519419,0.2620037407301745
11740580,암사2동,강동구,3.2193832647440384,13.797356848903021,14.717180638829891,29.434361277659786,0.4674438720672501,2,한적한 주거형,3,0.30944107227748524,0.29070298612037104,0.2936099592190155,0.25422270879395703,0.2541796637519419,0.2620037407301745
11740590,암사3동,강동구,10.559264064124271,10.559264064124273,8.892011843473071,57.24232624235789,0.564699994386782,2,한적한 주거형,3,0.30944107227748524,0.29070298612037104,0.2936099592190155,0.25422270879395703,0.2541796637519419,0.2620037407301745
11740600,천호1동,강동구,29.895443315194587,95.66541860862267,52.317025801590525,113.60268459773945,3.0403665851552883,1,"생활편의, 의료 중심형",3,0.30944107227748524,0.29070298612037104,0.2936099592190155,0.25422270879395703,0.2541796637519419,0.2620037407301745
11740610,천호2동,강동구,13.507283548855316,53.488842853467055,66.99612640232237,67.53641774427659,1.647411515705403,2,한적한 주거형,3,0.30944107227748524,0.29070298612037104,0.2936099592190155,0.25422270879395703,0.2541796637519419,0.2620037407301745
11740620,천호3동,강동구,21.357177953248996,108.56565459568237,88.98824147187081,101.44659527793272,3.606551045668568,1,"생활편의, 의료 중심형",3,0.30944107227748524,0.29070298612037104,0.2936099592190155,0.25422270879395703,0.2541796637519419,0.2620037407301745
11710610,삼전동,송파구,15.734186916145903,77.62198878631979,54.5451813093058,182.51656822729248,2.184488357822743,1,"생활편의, 의료 중심형",3,0.30944107227748524,0.29070298612037104,0.2936099592190155,0.25422270879395703,0.2541796637519419,0.2620037407301745
11710620,가락본동,송파구,27.59332193868722,69.96878063024259,73.91068376434077,128.11185185819065,5.450365003084492,0,"녹지, 교통 중심형",3,0.30944107227748524,0.29070298612037104,0.2936099592190155,0.25422270879395703,0.2541796637519419,0.2620037407301745
11710631,가락1동,송파구,12.201880724577421,25.839276828516894,24.40376144915484,30.145822966603042,0.0,2,한적한 주거형,3,0.30944107227748524,0.29070298612037104,0.2936099592190155,0.25422270879395703,0.2541796637519419,0.2620037407301745
11680720,일원본동,강남구,11.8914921665443,14.014972910570068,7.644530678492764,28.879338118750447,0.0,2,한적한 주거형,3,0.30944107227748524,0.29070298612037104,0.2936099592190155,0.25422270879395703,0.2541796637519419,0.2620037407301745
11680730,일원1동,강남구,15.73198924147425,36.70797489677325,35.6591756140083,76.56234764184136,0.0,2,한적한 주거형,3,0.30944107227748524,0.29070298612037104,0.2936099592190155,0.25422270879395703,0.2541796637519419,0.2620037407301745
11680740,일원2동,강남구,9.997769505745438,9.997769505745438,15.38118385499298,28.45519013173702,0.0,2,한적한 주거형,3,0.30944107227748524,0.29070298612037104,0.2936099592190155,0.25422270879395703,0.2541796637519419,0.2620037407301745
11680750,수서동,강남구,13.501875501966191,18.41164841177208,23.935142935303706,27.003751003932383,0.0,2,한적한 주거형,3,0.30944107227748524,0.29070298612037104,0.2936099592190155,0.25422270879395703,0.2541796637519419,0.2620037407301745
11710510,풍납1동,송파구,7.439828839256571,23.249465122676785,13.949679073606072,23.249465122676785,0.0,2,한적한 주거형,3,0.30944107227748524,0.29070298612037104,0.2936099592190155,0.25422270879395703,0.2541796637519419,0.2620037407301745
11740690,둔촌1동,강동구,16.444164104389856,10.96277606959324,42.754826671413625,31.792050601820385,0.0,2,한적한 주거형,3,0.30944107227748524,0.29070298612037104,0.2936099592190155,0.25422270879395703,0.2541796637519419,0.2620037407301745
11740700,둔촌2동,강동구,19.994130749129905,30.313682103519533,17.4142429105325,59.98239224738972,4.725922389097485,0,"녹지, 교통 중심형",3,0.30944107227748524,0.29070298612037104,0.2936099592190155,0.25422270879395703,0.2541796637519419,0.2620037407301745
11740640,성내1동,강동구,31.641980940224137,58.76367888898768,52.73663490037356,182.31808065557718,1.6412996865893683,1,"생활편의, 의료 중심형",3,0.30944107227748524,0.29070298612037104,0.2936099592190155,0.25422270879395703,0.2541796637519419,0.2620037407301745
11740650,성내2동,강동구,33.59208649856402,83.1804046631109,108.77437532868348,155.16344716003377,1.6362593359828863,1,"생활편의, 의료 중심형",3,0.30944107227748524,0.29070298612037104,0.2936099592190155,0.25422270879395703,0.2541796637519419,0.2620037407301745
11740660,성내3동,강동구,24.715906559193815,89.59516127707761,166.83236927455826,264.1512513513839,4.690186202810534,1,"생활편의, 의료 중심형",3,0.30944107227748524,0.29070298612037104,0.2936099592190155,0.25422270879395703,0.2541796637519419,0.2620037407301745
11740685,길동,강동구,23.289789304884902,63.74047599231659,75.38537064475904,90.70760045060436,1.856975802651848,1,"생활편의, 의료 중심형",3,0.30944107227748524,0.29070298612037104,0.2936099592190155,0.25422270879395703,0.2541796637519419,0.2620037407301745
